ITEM NO.,PART NUMBER,DESCRIPTION,QTY.
1,[HDWR-FSTR-NUT] NYHXNUT #8-32-D,Nylock Hex Nut #8-32 (MCMC 91831A009),28
2,SBHCSCREW 0.164-32x0.5625-HX-N,,28
3,[AFRM-LWR-COVR-00] Lower Covering,,1
4,[AFRM-LWR-COMN-02] Spacer,,2
5,[HDWR-MISC] Plastic Loop Clamp 1 ̸ 2 ID,,2
6,7811K153,Multipurpose 660 Leaded Sleeve Bearing,2
7,[AFRM-LWR-COMN-01] Adjustment Block,,1
8,[AFRM-LWR-COMN-00] Tubing,,1
9,[HDWR-BJNT] 1 ̸ 4-28 Female RH Ball Joint Rod End,"1/4""-28 Female Right-Handed Ball Joint Rod End (MCMC 4483T221)",4
10,[AFRM-LWR-COMN-V2-00] Rod Mount,,2
11,[AFRM-LWR-COMN-V2-01] Side Rod Mount,,2
12,[AFRM-LWR-COMN-V2-03] Frame Plate,,2
13,[HDWR-FSTR-NUT] NYTHNHXNUT #8-32-D,Nylock Thin Hex Nut #8-32 (MCMC 90101A009),73
14,92510A276,Aluminum Unthreaded Spacer,18
15,91780A464,Female Threaded Hex Standoff,4
16,SBHCSCREW 0.164-32x0.875-HX-N,,26
17,SBHCSCREW 0.164-32x0.375-HX-N,,4
18,SCHCSCREW 0.164-32x0.25x0.25-HX-N,,4
19,HX-SHCS 0.086-56x1x0.75-N,,2
20,HX-SHCS 0.25-28x3x1-N,,1
21,[HDWR-FSTR-NUT] NYHXNUT 1 ̸ 4-28-D,"Nylock Hex Nut 1/4""-28 (MCMC 97135A215)",7
22,[HDWR-SHFT] Shaft Collar 1 ̸ 2 x 1 x 7 ̸ 16 (Zinc-Plated),"Shaft Collar 1/2"" ID x 1"" OD x 7/16"" W (MCMC 6432K16)",6
23,[AFRM-UPR-COMN-04] Shaft Collar Spacer,,4
24,SBHCSCREW 0.138-32x0.375-HX-N,,24
25,[HDWR-FSTR-NUT] NYTHNHXNUT #6-32-D,Nylock Thin Hex Nut #6-32 (MCMC 90101A007),53
26,[HDWR-FSTR-NUT] MSTHNHXNUT #4-40-D,Machine Screw Undersized Hex Nut #4-40 (MCMC 90730A005),4
27,SBHCSCREW 0.112-40x0.125-HX-N,,7
28,SBHCSCREW 0.112-40x0.25-HX-N,,17
29,[HDWR-FSTR-STND] Male-Female Threaded Hex Standoff #6-32 x 1,"Male-Female Threaded Hex Standoff #6-32 x 1"" L (MCMC 93620A446)",1
30,Preferred Narrow FW 0.375,,1
31,HX-SHCS 0.25-28x2.75x1.25-N,,1
32,socket countersunk head cap screw_ai,,16
33,SCHCSCREW 0.138-32x0.4375x0.4375-HX-N,,22
34,[AFRM-UPR-A-00-L] Side Plate (Left),,1
35,[AFRM-UPR-COMN-02] Bushing,,2
36,[AFRM-UPR-COMN-03] Caster Bushing,,2
37,[AFRM-UPR-COMN-05] Cable Duct,,1
38,[HDWR-BRNG-BALL-US-S] 1 ̸ 2 x 1-1 ̸ 8 x 3 ̸ 8 (1616-2RS),"Double-Sealed Ball Bearing 1/2"" ID x 1-1/8"" OD x 3/8"" W (1616-2RS)",6
39,[AFRM-UPR-A-01] Top Plate,,1
40,[AFRM-UPR-A-00-R] Side Plate (Right),,1
41,[AFRM-UPR-COMN-00] Bearing Cup,,2
42,[AFRM-UPR-A-02] Bottom Plate,,1
43,[AFRM-UPR-COMN-01] Tiptoe Linkage Pivot Rod,,1
44,[HDWR-MISC-HINGE01-COMN-00] Bottom Half,"Piano Hinge 1-1/16"" W x 12"" L x 0.04"" THK (MCMC 13795A104)",1
45,[HDWR-MISC-HINGE01-COMN-01] Top Half,"Piano Hinge 1-1/16"" W x 12"" L x 0.04"" THK (MCMC 13795A104)",1
46,[HDWR-MISC-HINGE01-COMN-02] Pin,"Piano Hinge 1-1/16"" W x 12"" L x 0.04"" THK (MCMC 13795A104)",1
47,[AFRM-UPR-COVR-00] Upper Covering,,1
48,[HDWR-FSTR-SCRW] Hex Bolt 1 ̸ 4-28 x 1,"Hex Bolt 1/4""-28 x 1"" L (MCMC 92865A008)",2
49,[CRDL-COMN-D-COMN-01-OUTR-LEFT] Side Plate (Outer,"Left),",1
50,[CRDL-COMN-D-COMN-01-OUTR-RGHT] Side Plate (Outer,"Right),",1
51,[CRDL-COMN-D-COMN-00-INNR-LEFT] Side Plate (Inner,"Left),",1
52,[CRDL-COMN-D-COMN-00-INNR-RGHT] Side Plate (Inner,"Right),",1
53,[HDWR-GEAR] Tsubaki 44-Tooth Sprocket (40A44),,2
54,[CRDL-COMN-D-A-COMN-00] Eccentric,,2
55,SBHCSCREW 0.375-16x1-HX-N,,4
56,[HDWR-BRNG-SLV] Sleeve Bearing 3 ̸ 8 x 3 ̸ 4 x 1 (MCMC 2868T87),"High-Load Oil-Embedded Sleeve Bearing 3/8"" ID x 3/4"" OD x 1"" L (MCMC 2868T87)",2
57,[CRDL-COMN-D-COMN-03] Potentiometer Housing,,1
58,[ELEC-POT] Vishay 3-Turn (533-1-1-502),,1
59,[HDWR-FSTR-NUT] PANLHXNUT 3 ̸ 8-32-D,"Panel Hex Nut 3/8""-32 (MCMC 91862A112)",2
60,[CRDL-COMN-D-COMN-04] Potentiometer Sprocket,,1
61,[HDWR-BRNG-BALL-US-S] 5 ̸ 8 x 1-3 ̸ 8 x 11 ̸ 32 (R10-2RS),"Double-Sealed Ball Bearing 5/8"" ID x 1-3/8"" OD x 11/32"" W (R10-2RS)",2
62,[HDWR-BRNG-SLV] Sleeve Bearing 5 ̸ 8 x 3 ̸ 4 x 1 ̸ 2 (MCMC 6391K241),"Oil-Embedded Sleeve Bearing 5/8"" ID x 3/4"" OD x 1/2"" L (MCMC 6391K241)",2
63,[HDWR-SHFT] Keyed Drive Shaft 5 ̸ 8 x 18,"Keyed Drive Shaft 5/8"" DIA x 18"" L (MCMC 1497K954)",1
64,[HDWR-SHFT] Clamping Shaft Coupling 5 ̸ 8 x 5 ̸ 8 x 1-5 ̸ 16,"Clamping Shaft Coupling 5/8"" x 5/8"" x 1-5/16"" OD (MCMC 61005K344)",1
65,[HDWR-GEAR] Azusa 8-Tooth #40 Sprocket (1901-K),,2
66,[HDWR-BELT] HKK Chain #40 Outer Link,,64
67,[HDWR-BELT] HKK Chain #40 Inner Link,,64
68,[HDWR-BELT] HKK Chain #40 Master Link,,2
69,[HDWR-GEAR] Tsubaki 54-Tooth Sprocket (35B54FJ),,1
70,[CRDL-COMN-D-COMN-02] 54-Tooth Sprocket Spacer,,1
71,[HDWR-SHFT] Shaft Collar 5 ̸ 8 x 1-5 ̸ 16 x 7 ̸ 16,"Shaft Collar 5/8"" ID x 1-5/16"" OD x 7/16"" W (MCMC 6436K150)",1
72,[CRDL-COMN-D-B-COMN-00] Motor Mount Plate,,1
73,[HDWR-GEAR] Tsubaki 10-Tooth Sprocket (35B10FH),,1
74,[HDWR-FSTR-STND] Female-Female Coupling Nut 1 ̸ 4-20 x 1-3 ̸ 4,"Female-Female Coupling Nut 1/4""-20 x 1-3/4"" L (1102-078-0012)",3
75,[CRDL-COMN-D-B-COMN-01] Bearing Plate,,1
76,[HDWR-BRNG-BALL-US-S] 1 ̸ 2 x 1-1 ̸ 8 x 1 ̸ 4 (R8(X)),"Open Ball Bearing 1/2"" ID x 1-1/8"" OD x 1/4"" W (R8(X))",1
77,[CRDL-COMN-D-B-COMN-02-LONG] 10-Tooth Sprocket Spacer (Long),,1
78,[CRDL-COMN-D-B-COMN-02-SHRT] 10-Tooth Sprocket Spacer (Short),,1
79,[ELEC-MOTR-BBPS-COMN-05] Output Block,,3
80,[ELEC-MOTR-BBPS-COMN-08] 16-1 Heavy Duty Housing,,3
81,[ELEC-MOTR-BBPS-COMN-02] 1 Inch Hex Output Shaft,,2
82,[ELEC-MOTR-BBPS-COMN-01] FR8ZZ Bearing,,6
83,[ELEC-MOTR-BBPS-COMN-03] Retaining Ring 0500 - Mcm 98410A122_98410A122,,4
84,[ELEC-MOTR-BBPS-COMN-04] 4-1 Output Stage Carrier Plate,,3
85,[ELEC-MOTR-BBPS-COMN-07] 16T Planet Gear,,12
86,[ELEC-MOTR-BBPS-COMN-10] Stage Carrier Plate,,3
87,[ELEC-MOTR-BBPS-COMN-06] 16T Sun Gear,,3
88,[ELEC-MOTR-BBPS-COMN-07] 16T Planet Gear,,12
89,[ELEC-MOTR-BBPS-COMN-11] Thrust washer,,3
90,[ELEC-MOTR-BBPS-COMN-A-01] Output Plate,,3
91,[ELEC-MOTR-BBPS-COMN-A-02] Motor Plate,,3
92,[ELEC-MOTR-BBPS-COMN-A-03] 52T 0.7MOD .3125h,,3
93,[ELEC-MOTR-BB150-A-COMN-04] RS-775 24V 12600RPM Motor,,6
94,[ELEC-MOTR-BBPS-COMN-A-04] RS-700 Motor Pinion Gear,,6
95,[ELEC-MOTR-BBPS-COMN-A-05] 608-2Z 8mm bearing McM 5972K501_5972K501,,3
96,[ELEC-MOTR-BBPS-COMN-A-06] R6ZZ Bearing McM 60355K450_60355K45,,3
97,[ELEC-MOTR-BBPS-COMN-A-07] Retaining Ring 375 McM 97633A170_97633A170_grv,,3
98,[ELEC-MOTR-BBPS-COMN-A-08] Dual Motor Sport Pinion Output Shaft,,3
99,B18.3.1M - 4 x 0.7 x 25 Hex SHCS -- 25NHX,,18
100,[ELEC-MOTR-BB150-B-COMN-00] Shaft,Keyed Output Shaft,1
101,Key B17.1 0.125x0.125x.72,,1
102,SCHCSCREW 0.19-32x0.5625x0.5625-HX-N,,6
103,SCHCSCREW 0.19-32x3x3-HX-N,,6
104,SSCUPSKT 0.19-24x0.25-HX-N,,2
105,HX-SHCS 0.25-20x0.75x0.75-N,,16
106,SCHCSCREW 0.25-20x0.75x0.75-HX-N,,37
107,[HDWR-BELT] HKK Chain #35 Outer Link,,95
108,[HDWR-BELT] HKK Chain #35 Inner Link,,95
109,[HDWR-BELT] HKK Chain #35 Master Link,,3
110,[CRDL-COMN-D-COMN-03] Wire Passthrough,,1
111,[CRDL-COMN-D-COMN-03] Wire Passthrough,,1
112,97022A261,316 Stainless Steel Ring Shim,2
113,Key B17.1 0.1875x0.1875x1,,1
114,[HDWR-FSTR-SCRW] Thread-Locking Socket Button Head Cap Screw 1 ̸ 4-20 x 3 ̸ 8,,6
115,[HDWR-FSTR-STND] Female-Female Coupling Nut 1 ̸ 4-20 x 1-3 ̸ 4,"Female-Female Coupling Nut 1/4""-20 x 1-3/4"" L (1102-078-0012)",12
116,SCHCSCREW 0.25-20x0.875x0.875-HX-N,,10
117,SBHCSCREW 0.25-20x0.75-HX-N,,70
118,[HDWR-FSTR-PIN] Precision Clevis Pin 3 ̸ 8 x 1-3 ̸ 4,"Precision Clevis Pin 3/8"" DIA x 1-3/4"" L (MCMC 90378A400)",2
119,[HDWR-FSTR-PIN] Cotter Pin 3 ̸ 32 x 3 ̸ 4,"Cotter Pin 3/32"" DIA x 3/4"" L (MCMC 98338A135)",4
120,SSCUPSKT 0.3125-18x0.25-HX-N,,4
121,SSCUPSKT 0.25-20x0.25-HX-N,,4
122,SBHCSCREW 0.25-20x0.5-HX-N,,7
123,socket countersunk head cap screw_ai,,4
124,[CRDL-V3-A-01] Bottom Plate,,1
125,[CRDL-V3-A-02] Side Plate,,1
126,[CRDL-V3-A-02] Side Plate,,1
127,[CRDL-V3-A-00] Top Plate,,1
128,[CRDL-V3-A-03] Angled Plate,,1
129,[HDWR-NPRN-CRDL] Battery Tray Liner,,1
130,[CRDL-COMN-A-03] Screw Plate,,2
131,[CRDL-COMN-B-COMN-00-L] G-Plate (Left),,1
132,[CRDL-COMN-B-COMN-01] Top Block,,2
133,SCHCSCREW 0.138-32x0.5x0.5-HX-N,,8
134,SBHCSCREW 0.138-32x0.5-HX-N,,46
135,[HDWR-FSTR-MAG] Neodymium Disc Magnet 3 ̸ 16 x 1 ̸ 4,"Neodymium Disc Magnet 3/16"" DIA x 1/4"" THK (MCMC 5862K963)",8
136,[CRDL-COMN-B-COMN-02] Bottom Block,,2
137,SCHCSCREW 0.138-32x0.375x0.375-HX-N,,20
138,SCHCSCREW 0.164-32x0.5x0.5-HX-N,,28
139,[CRDL-COMN-B-COMN-03-V2] Access Cover Block (3D Printable),,2
140,[HDWR-FSTR-STND] Female-Female Threaded Hex Standoff #8-32 x 2,"Female-Female Threaded Hex Standoff #8-32 x 2"" L (MCMC 91920A342)",4
141,SCHCSCREW 0.164-32x0.375x0.375-HX-N,,8
142,[HDWR-FSTR-MAG] Neodymium Disc Magnet 3 ̸ 8 x 1 ̸ 8,"Neodymium Disc Magnet 3/8"" DIA x 1/8"" THK (MCMC 5862K984)",8
143,[CRDL-COMN-B-A-COMN-00] Access Cover,,2
144,[CRDL-COMN-B-A-COMN-01] Magnet Block (Top),,2
145,SCHCSCREW 0.112-40x0.5625x0.5625-HX-N,,4
146,HX-SHCS 0.112-40x0.5x0.5-N,,8
147,[CRDL-COMN-B-A-COMN-02] Magnet Block (Bottom),,2
148,SCHCSCREW 0.112-40x0.375x0.375-HX-N,,42
149,[CRDL-COMN-B-A-COMN-03] Magnet Block (Middle),,2
150,SCHCSCREW 0.112-40x0.3125x0.3125-HX-N,,6
151,[CRDL-COMN-B-COMN-00-R] G-Plate (Right),,1
152,[CRDL-COMN-00] 3-Inch Bearing Collar,,2
153,[HDWR-FSTR-NUT] Binding Barrel #8-32-D,"Steel Binding Barrels, 8-32 Thread Size, 1/4"" Long",16
154,[HDWR-BRNG-BALL-US-S] 3 x 3-1 ̸ 2 x 1 ̸ 4 (KA030XP0),"Open Four-Point Contact Ball Bearing 3"" ID x 3-1/2"" OD x 1/4"" W (KA030XP0)",6
155,[CRDL-COMN-02] Eccentric Drive Support Rod,,1
156,[CRDL-COMN-05] Upper A-Frame Pivot Rod,,1
157,[CRDL-COMN-06] Lower A-Frame Pivot Rod,,1
158,[CRDL-COMN-01] IDC Actuator Mounting Block,,2
159,[CRDL-V3-A-04] Actuator Plate,,1
160,[CRDL-V3-A-05] Actuator Strength Plate,,1
161,[CRDL-COMN-D-COMN-05] Wire Passthrough Cable Protector,,2
162,SCHCSCREW 0.138-32x0.3125x0.3125-HX-N,,123
163,PEM S-632-1 ZI--N,,40
164,SBHCSCREW 0.25-20x0.375-HX-N,,11
165,PEM S-0420-1 ZI--N,,11
166,SCHCSCREW 0.086-56x0.3125x0.3125-HX-N,,62
167,[HDWR-FSTR-NUT] NYHXNUT #2-56-D,Nylock Hex Nut #2-56 (MCMC 91831A002),10
168,SCHCSCREW 0.164-32x0.4375x0.4375-HX-N,,18
169,SBHCSCREW 0.25-28x1-HX-N,,6
170,92320A416,18-8 Stainless Steel Unthreaded Spacer,2
171,91090A109,Zinc-Plated Steel Oversized Washer,2
172,SBHCSCREW 0.375-24x0.5-HX-N,,6
173,SBHCSCREW 0.164-36x0.375-HX-N,,8
174,[CRDL-COVR-00-L] Top Covering (Left),,1
175,[CRDL-COVR-00-R] Top Covering (Right),,1
176,[CRDL-COVR-01-L] Top Rear Covering (Left),,1
177,[CRDL-COVR-01-R] Top Rear Covering (Right),,1
178,[CRDL-COVR-02-L] Side Covering (Left),,1
179,[CRDL-COVR-02-R] Side Covering (Right),,1
180,[CRDL-COVR-03] Side Mount,,1
181,[CRDL-COVR-04] Side Mount (Right),,1
182,[CRDL-COVR-00-R] Top Covering (Right) (Mount plate),,1
183,[CRDL-COVR-00-L] Top Covering Mount (Left),,1
184,[CRDL-COVR-01-R] Top Rear Covering Mount (Left),,1
185,[CRDL-COVR-01-R] Top Rear Covering Mount (Right),,1
186,92415A860,Zinc-Plated Steel Unthreaded Spacer,6
187,Regular FW 0.25,,6
188,socket button head cap screw_ai,,2
189,[CRDL-COMN-D-A-COMN-01-L] Arm (Left),,1
190,[CRDL-COMN-D-A-COMN-01-R] Arm (Right),,1
191,[CSTR-A-COMN-00] Pivot Tube,,1
192,[HDWR-FSTR-SCRW] Hex Bolt 1 ̸ 2-13 x 11,"Hex Bolt 1/2""-13 x 11"" L (MCMC 91257A165)",1
193,[HDWR-MISC] Rubber Bellows 52mm ID (BS-5054),,2
194,[HDWR-FSTR-NUT] HXNUT 1 ̸ 2-13-D,"Hex Nut 1/2""-13 (MCMC 94895A823)",1
195,[CSTR-C-A-COMN-00] 4-Inch Split Rim,,2
196,[HDWR-BRNG-BALL-US-F-EX] 3 ̸ 4 x 1-3 ̸ 8 x 7 ̸ 16 (HW-13C),"Flanged Shielded Ball Bearing w/ Extended Inner Ring 3/4"" ID x 1-3/8"" OD x 7/16"" W (HW-13C)",4
197,HBOLT 0.3750-24x1.125x1.125-N,,6
198,Regular LW 0.375,,6
199,HJNUT 0.3750-24-D-N,,12
200,[CSTR-C-B-00] Inner Tube,,2
201,[CSTR-C-B-01] Goodyear 2.80-4NHS Tire,,2
202,[CSTR-C-C-COMN-00] Covering Mount,,2
203,MSSQNUT 0.138-32-N,,94
204,[CSTR-C-COVR-00] Wheel Covering,,2
205,HX-SHCS 0.138-32x0.375x0.375-N,,12
206,[HDWR-SHFT] Shaft Collar 3 ̸ 4 x 1-1 ̸ 4 x 9 ̸ 16,"Shaft Collar 3/4"" ID x 1-1/4"" OD x 9/16"" W (MCMC 6432K21)",2
207,[CSTR-B-COMN-04] Single Piece,,1
208,[CSTR-COMN-00] Axle,,1
209,[CSTR-COMN-01] Triangular Support,,1
210,[CSTR-COMN-02] Curved Plate,,1
211,[CSTR-COMN-03] Curved Plate Support Bracket,,1
212,[CSTR-COMN-04] Teardrop Plate,,1
213,[HDWR-BRNG-TAPR] 1 ̸ 2 x 1.377 x 0.47 (A4050 & A4138),"Tapered Roller Bearing 1/2"" ID x 1.377"" OD x 0.47"" W (A4050 & A4138)",2
214,[HDWR-FSTR-NUT] NYHXNUT #4-40-D,Nylock Hex Nut #4-40 (MCMC 91831A005),10
215,SBHCSCREW 0.138-32x0.625-HX-N,,1
216,[HDWR-FSTR-NUT] NYHXNUT #6-32-D,Nylock Hex Nut #6-32 (MCMC 91831A007),27
217,[ELEC-ACTR-N2HYBRID-A-00] Body,,1
218,[ELEC-ACTR-N2HYBRID-A-01] Thin Rod,,4
219,[HDWR-FSTR-NUT] NYTHNHXNUT 1 ̸ 4-20-D,"Nylock Thin Hex Nut 1/4""-20 (MCMC 94945A205)",12
220,[ELEC-ACTR-N2HYBRID-B-00] Thrust Rod,,1
221,CR-PHMS 0.19-24x0.4375x0.4375-N,,2
222,CR-FHMS 0.164-32x0.625x0.625-N,,10
223,HX-SHCS 0.086-56x0.5625x0.5625-N,,5
224,[ELEC-ACTR-N2HYBRID-C-00] Front Clevis,,1
225,[ELEC-ACTR-N2HYBRID-C-01] Front Clevis Rod,,1
226,[ELEC-ACTR-N2HYBRID-C-02] Front Clevis Rod Spacer,,2
227,SBHCSCREW 0.25-28x0.625-HX-N,,2
228,[ELEC-ACTR-N2HYBRID-D-00] Rear Clevis,,1
229,[ELEC-ACTR-N2HYBRID-D-01] Rear Clevis Rod,,1
230,[ELEC-ACTR-N2HYBRID-D-02] Rear Clevis Rod Bushing,,1
231,SSCUPSKT 0.112-40x0.1875-HX-N,,7
232,[HDWR-FSTR-PIN] Heavy Duty Quick-Release Pin 3 ̸ 8 x 3,"Heavy Duty Quick-Release Pin 3/8"" DIA x 3"" L (MCMC 95165A081)",2
233,Wide FW 0.19,,2
234,SSFLATSKT 0.25-20x0.5-HX-N,,24
235,[HDWR-GEAR] VexPro 15-Tooth Sprocket (217-5844),,2
236,SBHCSCREW 0.164-32x0.5-HX-N,,16
237,Wide FW 0.25,,2
238,SBHCSCREW 0.19-24x0.4375-HX-N,,2
239,[TDRV-COMN-A-COMN-00] Axle,Axle for mounting of the drive sprocket; will rotate.,2
240,[HDWR-GEAR] Uni-Chains 29-Tooth Sprocket (123381529N),Uni-Chains 29-Tooth Sprocket (123381529N),6
241,socket button head cap screw_ai,,6
242,Preferred Narrow FW 0.25,,38
243,[HDWR-FSTR-NUT] NYHXNUT 1 ̸ 4-20-D,"Nylock Hex Nut 1/4""-20 (MCMC 97135A255)",22
244,[TDRV-COMN-A-COMN-01] Bushing,"Mounting surface for the front 7"" disc. Also minimizes drive sprocket ""play.""",4
245,[HDWR-GEAR] Martin 40-Tooth Sprocket (35BS40 3 ̸ 4),,2
246,[TDRV-COMN-A-COMN-02] 7-Inch Disc,The underside of track links glide along the circular profile. Front idler assembly only.,4
247,[TDRV-COMN-A-COMN-05] Printed Sprocket Spacer,,4
248,Key B17.1 0.1875x0.1875x.5,,2
249,Key B17.1 0.25x0.25x1.66,,2
250,[TDRV-COMN-05] Quick-Release Collar Bushing,Prevents scraping of metal between the cradle base and track drive.,2
251,[TDRV-LEFT-A-INNR-00] Side Plate (Left,"Inner),Inner side plate for the left track drive.",1
252,[TDRV-LEFT-A-OUTR-00] Side Plate (Left,"Outer),Outer side plate for the left track drive.",1
253,[HDWR-BRNG-BALL-US-S] 3 ̸ 4 x 40mm x 12mm (6203-2RS-12),"Double-Sealed Ball Bearing 3/4"" ID x 40mm OD x 12mm W (6203-2RS-12)",14
254,[TDRV-COMN-D-OUTR-01] Bearing Cup (Outer,"Tapped),Holds and protects the drive gear bearings. Attaches to the inside of the outer side plate.",4
255,[TDRV-COMN-E-COMN-00] Tension Adjustment Block,Attaches to the rear of the side plates; used with the track tensioner assembly.,4
256,[TDRV-COMN-00] Front Spacer,The primary structural member of the track drive. Also isolates the front idler compartment.,2
257,[TDRV-COMN-04] Quick-Release Collar,Allows removal of a track drive unit from the tiptoe tube via quick-release pins.,2
258,[TDRV-COMN-06] Shield & Accessory Covering Mounting Plate,,2
259,[TDRV-COMN-F-LWRV3-COMN-00] Outer Shell,,2
260,[TDRV-COMN-F-LWRV3-COMN-01] Front Plate,,2
261,[HDWR-NPRN-TDRV] Lower Battery Box (Liner),,2
262,[TDRV-COMN-F-LWRV3-COMN-02] Side Wall,,4
263,[TDRV-COMN-F-EV105-COMN] Full Case,,2
264,[TDRV-COMN-F-EV105-COMN] Mylar Spacer,,4
265,[HDWR-FSTR-ROD] Fully Threaded Stud #6-32,,8
266,[ELEC-BATT-EV105AH] BLS EV-105AH 3.2V LiFePO4 Battery,BLS Battery Industries EV-105AH 3.2V 105Ah LiFePO4 Battery,8
267,[TDRV-COMN-F-EV105-COMN] Overkill Solar BMS Case,,2
268,[ELEC-BATT-JBDSP04S020] PCB,,2
269,[ELEC-BATT-JBDSP04S020] Rear plate,,2
270,[ELEC-BATT-JBDSP04S020] Front plate,,2
271,[ELEC-BATT-JBDSP04S020] Standoff,,24
272,[ELEC-CONN] Anderson SB Connector (SB120),Anderson SB Power connector 240Amp rating,8
273,[ELEC-CONN] Anderson SB50 Pull Handle,,2
274,CR-PHMS 0.19-32x0.875x0.875-N,,4
275,HBOLT 0.2500-20x0.25x0.25-N,,4
276,MSHXNUT 0.138-32-S-N,,16
277,Selected Narrow FW 0.172,,20
278,socket countersunk head screw_am,,4
279,SBHCSCREW 0.19-32x1.125-HX-N,,4
280,[HDWR-FSTR-STND] Female-Female Threaded Hex Standoff #10-32 x 1 ̸ 4,Female Threaded Hex Standoff #10-32 x 1/4,4
281,SBHCSCREW 0.138-32x0.875-HX-N,,4
282,SBHCSCREW 0.138-32x1.25-HX-N,,16
283,SBHCSCREW 0.138-32x1-HX-N,,8
284,[TDRV-COMN-11] Outer Wire Channel,,1
285,SCHCSCREW 0.164-32x0.625x0.625-HX-N,,23
286,SCHCSCREW 0.164-32x0.75x0.75-HX-N,,8
287,SCHCSCREW 0.19-24x0.75x0.75-HX-N,,14
288,HX-SHCS 0.25-28x1.125x1.125-N,,12
289,MSHXNUT 0.164-32-D-N,,20
290,HX-SHCS 0.164-32x0.3125x0.3125-N,,8
291,[TDRV-COMN-10] Motor Covering Mount,,2
292,[HDWR-FSTR-STND] Female-Female Threaded Hex Standoff 1 ̸ 4-20 x 1,"Female-Female Threaded Hex Standoff 1/4""-20 x 1"" L (MCMC 92230A320)",5
293,[HDWR-FSTR-NUT] NYHXNUT #10-24-D,Nylock Hex Nut #10-24 (MCMC 91831A011),6
294,SCHCSCREW 0.19-24x1.25x1.25-HX-N,,2
295,SBHCSCREW 0.19-24x1.625-HX-N,,2
296,[TDRV-COMN-F-EV105-COMN] Back Mount,,2
297,[TDRV-COMN-F-EV105-COMN] Front Mount,,2
298,[TDRV-COMN-F-EV105-COMN] Front Mount,,2
299,[TDRV-COMN-F-EV105-COMN] Back Mount,,2
300,SCHCSCREW 0.164-32x2x2-HX-N,,12
301,SCHCSCREW 0.164-32x0.875x0.875-HX-N,,8
302,[HDWR-FSTR-ROD] Fully Threaded Stud #6-32,,2
303,SBHCSCREW 0.138-32x0.4375-HX-N,,62
304,SBHCSCREW 0.138-32x0.75-HX-N,,10
305,92510A543,Aluminum Unthreaded Spacer,4
306,SBHCSCREW 0.164-32x0.625-HX-N,,14
307,Selected Narrow FW 0.188,,8
308,5862K106,Neodymium Magnet,6
309,Preferred Narrow FW 0.138,,8
310,92510A443,Aluminum Unthreaded Spacer,8
311,HX-SHCS 0.112-40x1.25x1-N,,6
312,MSSQNUT 0.112-40-N,,50
313,[TDRV-COMN-E-COMN-01] Tension Adjustment Washer,Accepts a shoulder screw to adjust track tension via the rear idler bearing axle.,4
314,[HDWR-FSTR-ROD] Fully Threaded Stud #10-24 x 2-3 ̸ 4,"Threaded Rod #10-24 x 2-3/4"" (MCMC 90575A364)",4
315,SCHCSCREW 0.25-20x2x1.25-HX-N,,4
316,Preferred Narrow FW 0.164,,20
317,[TDRV-COMN-02] Idler Tube,"Allows rear 7"" and top 10"" idler discs to be attached. Three-piece version.",4
318,[TDRV-COMN-03] Idler Tube Collar,"When attached to an idler tube, provides a mounting surface for the circular disc.",8
319,SSFLATSKT 0.25-20x0.75-HX-N,,24
320,[TDRV-COMN-C-COMN-00] Bearing Axle,"Axle for mounting of the rear idler tube, discs, and tensioner assembly; will not rotate.",2
321,[TDRV-COMN-C-COMN-01] 7-Inch Disc,The underside of track links glide along the circular profile. Rear idler assembly only.,4
322,SHSSCREW 0.5x1.25-N,,4
323,[TDRV-COMN-G-COMN-00-FEML] Shaft (Female),Female end of the dual-purpose shaft. Attaches to the inside of the outer side plate.,2
324,[TDRV-COMN-G-B-COMN-00-MALE] Shaft (Male),Male end of the chain tensionerr shaft. Attaches to the outside of the outer side plate.,2
325,[HDWR-GEAR] Martin 9-Tooth Sprocket (35B9),,2
326,[HDWR-FSTR-SHIM-US] 3 ̸ 8 x 5 ̸ 8 x 0.02,"Round Shim 3/8"" ID x 5/8"" OD x 0.025"" THK (MCMC 3088A411)",4
327,SBHCSCREW 0.19-24x1-HX-N,,2
328,Regular FW 0.19,,2
329,[HDWR-BELT] HKK Chain #35 Offset Link,,2
330,[TDRV-COMN-H-A-A-00-ACT] Link (Actual),Rexnord D821 tabletop chain link.,90
331,[TDRV-COMN-H-A-B-00-ACT] Pad (Actual),Provides aesthetics and grip to track links. Should be a durometer of 95A.,90
332,SBHCSCREW 0.138-32x0.3125-HX-N,,720
333,[TDRV-COMN-H-A-A-01] Pin,Rexnord D821 tabletop chain link pin.,90
334,[TDRV-COMN-B-V1-COMN-00] Bearing Axle,Axle for mounting of the top idler tube and discs; will not rotate.,2
335,[TDRV-COMN-B-COMN-00] 10-Inch Disc,The underside of track links glide along the circular profile. Top idler assembly only.,4
336,[TDRV-COMN-J-COMN-00] TIP Connection Bar,,2
337,[HDWR-FSTR-ROD] Partially Threaded Stud 3 ̸ 8-16 (6516K391) x 1,Connecting Rod,2
338,91525A329,316 Stainless Steel Washer,2
339,[TDRV-COMN-12] Accessory Mounting Plate,,1
340,[ELEC-CPU-SYREN50] SyRen 50,,1
341,[HDWR-FSTR-NUT] NYHXNUT 3 ̸ 8-16-D,"Nylock Hex Nut 3/8""-16 (MCMC 97135A230)",2
342,[TDRV-COVR-00] Side Covering,,1
343,[TDRV-COVR-03] TDRV Motor Covering,,1
344,PEM FH-832-10 X--N,,8
345,[TDRV-RGHT-A-OUTR-00] Side Plate (Right,"Outer),Outer side plate for the right track drive.",1
346,[TDRV-RGHT-A-INNR-00] Side Plate (Right,"Inner),Inner side plate for the right track drive.",1
347,SCHCSCREW 0.112-40x0.5x0.5-HX-N,,26
348,[TDRV-COMN-11] Outer Wire Channel (Front),,1
349,[TDRV-COMN-11] Outer Wire Channel (Rear),,1
350,[TDRV-COVR-00] Side Covering,,1
351,[TDRV-COVR-01-R] Shield Covering (Right),,1
352,[TDRV-COVR-03] TDRV Motor Covering,,1
353,[TDRV-COVR-02-R] Accessory Covering (Right),,1
354,[TIP-COMN-03] Center Spacer,,1
355,[TIP-COMN-04] Side Spacer,,2
356,[TIP-COMN-05] Wire Tunnel,,1
357,[HDWR-FSTR-PIN] Clevis Pin 5 ̸ 16 x 3 ̸ 4,"Clevis Pin 5/16"" DIA x 3/4"" L (MCMC 97245A285)",2
358,[HDWR-FSTR-PIN] Cotter Pin 1 ̸ 8 x 3 ̸ 4,"Cotter Pin 1/8"" DIA x 3/4"" L (MCMC 98338A175)",2
359,[TIP-COMN-02-V2] Cam (Eccentric Drive),,2
360,[TIP-COMN-02-V1] Cam (Linear Actuators),,2
361,[TIP-COMN-01] Collar,,2
362,[TIP-COMN-00] Tube,,1
363,[HDWR-FSTR-PIN] Precision Clevis Pin 3 ̸ 8 x 3 ̸ 4,"Precision Clevis Pin 3/8"" DIA x 3/4"" L (MCMC 90378A320)",2
364,[TIP-COMN-06] Wire Tunnel Core,,2
365,[TIP-COMN-05] Wire Tunnel,,1
366,SSFLATSKT 0.086-56x0.25-HX-N,,8
367,SCHCSCREW 0.112-40x1.125x1.125-HX-N,,4
368,HX-SHCS 0.25-20x1.125x1.125-N,,12
369,[TIP-COMN-08] 24V Flexable Busbar,,2
370,[TLWR-V3-A-00-L] Side Panel (Left),,2
371,[TLWR-V3-A-00-R] Side Panel (Right),,2
372,[TLWR-V3-A-02] Front Panel,,2
373,[TLWR-V3-A-01] Bottom Panel,,2
374,[CRDL-COMN-00] 3-Inch Bearing Collar,,4
375,[TLWR-V3-A-03] Internal Support,,4
376,[TLWR-COMN-00] Bearing Collar,,4
377,[TLWR-COMN-01] Lower Shaft Support,,2
378,PEM S-632-0 ZI--N,,80
379,socket countersunk head cap screw_ai,,36
380,socket button head cap screw_ai,,12
381,SBHCSCREW 0.164-32x0.4375-HX-N,,36
382,CR-FHMS 0.19-32x0.5x0.5-N,,4
383,[TLWR-COMN-02] Covering Mount Plate,,4
384,SBHCSCREW 0.19-24x0.5625-HX-N,,8
385,[TLWR-COVR-D-04] Battery Door Frame (Right),,2
386,[TLWR-COVR-D-03] Battery Door Frame (Left),,2
387,[TLWR-COVR-D-02] Battery Door Frame (Center),,2
388,[TLWR-C-COMN-00] Lift Frame,,4
389,[TLWR-C-COMN-01] Rod Lift Rack,,4
390,[TLWR-C-COMN-02] Door Pivot Hinge,,4
391,[HDWR-BRNG-BALL-UK-F] 1 ̸ 4 x 14mm x 5mm (1611-0514-0250),"1611 Series Flanged Ball Bearing (1/4"" ID x 14mm OD, 5mm Thickness) - 2 Pack",8
392,[HDWR-GEAR] ServoCity MOD 0.8 Pinion Gear 1 ̸ 4 x 15T (2303-0250-0015),"2303 Series Steel, MOD 0.8 Pinion Gear (1/4"" Round Bore, 15 Tooth)",8
393,[HDWR-SHFT] D-Shaft 1 ̸ 4 x 4,"1/4"" D-Shaft (Stainless Steel, 4"" Length)",4
394,[ELEC-SRVO-HS5496MH] Hitec HS-5496MH,,1
395,CR-PHMS 0.06-80x1.1875x0.375-N,,4
396,[ELEC-SRVO-HORN] Servo Shaft Coupler 1 ̸ 4 Bore H25T (4010-0025-0250),"Servo to Shaft Coupler (H25T Spline, 1/4"" Bore)",4
397,SBHCSCREW 0.112-40x0.5-HX-N,,8
398,dowel pin_ai,,8
399,[TLWR-COVR-D-01] Left Door,,2
400,JIS B 1111 Binding head screw M2.6 x 8 --8N,,1
401,[TLWR-COVR-D-00] Right Door,,2
402,SCHCSCREW 0.086-56x0.188x0.188-HX-N,,3
403,[TLWR-COVR-02] Lithium-Argon Liquid Battery,,2
404,[TLWR-COVR-03] Lug Terminal,,4
405,socket countersunk head cap screw_ai,,4
406,SCHCSCREW 0.086-56x0.5x0.5-HX-N,,10
407,socket countersunk head cap screw_ai,,4
408,92516A120,Rectangular Washers,12
409,Preferred Narrow FW 0.125,,8
410,[ELEC-BULB-PNLLAMP] Square Panel-Mount Indicator,,4
411,[ELEC-BULB-LED5] Kingbright Red LED,,2
412,[ELEC-BULB-LED5] Kingbright Amber LED,,2
413,MSSQNUT 0.086-56-N,,129
414,HX-SHCS 0.086-56x0.3125x0.3125-N,,26
415,SBHCSCREW 0.086-56x0.5625-HX-N,,8
416,[DTL-BRNS3252W] Bourns Trimpot Potentiometer (3252W),,3
417,[DTL-CAP1] Capacitor (Axial-Lead),,1
418,[DTL-CERDIP14] 14-Pin Ceramic DIP,,1
419,[DTL-PLAYBKL] Playback Head - Large,,1
420,[DTL-RH25] Vishay Dale RH-25 Resistor,,1
421,[DTL-TO92] TO-92 Package,,3
422,[DTL-TO127] TO-127 Package,,5
423,[DTL-TO220] TO-220 Package,,6
424,[DTL-BRNSTRMT] Bourns TRIMIT Potentiometer (271-1-502),,8
425,[DTL-CARRY10] 10-Pin Carrier,,1
426,[DTL-RE65] Pacific Resistor Co. RE65 Resistor,,2
427,[DTL-UNKN] Unknown Component,,2
428,[DTL-KNOB-WHIP] Knob (Whip Antenna),,2
429,[TLWR-COVR-01] Pivot Point Covering,,4
430,SSCUPSKT 0.25-20x1.125-HX-N,,2
431,[TIP-COMN-07] Wire Tunnel Cap,,1
432,[TIP-COMN-07] Wire Tunnel Cap,,1
433,Track Tip Tupe Cable Saver,,1
434,[TIP-COMN-03] Center Spacer Hole Cover,,1
435,[TIP-A-V3] A-Frame Linkage (Solid),,2
436,[TLWR-A-V2-A-COMN-00] Tie Bar,,2
437,57155K321,Stainless Steel Ball Bearing,2
438,97022A883,316 Stainless Steel Ring Shim,4
439,[HDWR-FSTR-WASH] Flat Washer #8 Screw Size (SAE Regular),"Flat Washer #8 Screw Size (SAE Regular, MCMC 94744A224)",2
440,SBHCSCREW 0.19-32x0.75-HX-N,,2
441,[HDWR-FSTR-NUT] NYHXNUT #10-32-D,Nylock Hex Nut #10-32 (MCMC 91831A411),2
442,[TMID-A-COMN-00-L] Side Plate (Left),,1
443,[TMID-A-COMN-00-R] Side Plate (Right),,1
444,[TMID-A-COMN-01] Top Plate,,1
445,[TMID-A-COMN-02] Bottom Plate,,1
446,[TMID-A-COMN-03] Pivot Bushing,,2
447,[HDWR-BRNG-TAPR] 1-1 ̸ 4 x 2-21 ̸ 64 x 0.66 (MCMC 5709K24 & 5709K61),"Tapered Roller Bearing 1-1/4"" ID x 2-21/64"" OD x 0.66"" W (MCMC 5709K24 & 5709K61)",1
448,[HDWR-BRNG-BALL-US-S] 1-1 ̸ 4 x 2-1 ̸ 4 x 1 ̸ 2 (R20-2RS),"Double-Sealed Ball Bearing 1-1/4"" ID x 2-1/4"" OD x 1/2"" W (R20-2RS)",1
449,HX-SHCS 0.164-32x0.625x0.625-N,,4
450,HX-SHCS 0.164-32x0.5x0.5-N,,5
451,[TMID-B-COMN-00] Mounting Bracket,,1
452,[ELEC-POT] Vishay 5-Turn (535-1-1-502),,1
453,[HDWR-PULL] Timing HTD 12-Tooth (A 6A23M012DF0604),,1
454,[TMID-C-COMN-00] Adjustment Plate,,1
455,[TMID-C-COMN-01] Adjustment Block,,1
456,[ELEC-MOTR-BDPG60110-COMN-00] Body,,1
457,[ELEC-MOTR-BDPG60110-COMN-01] Shaft,,1
458,[HDWR-FSTR-CLIP-UK] E-Style Retaining Ring 8.32 x 19.7 x 1.2,E-Style Side-Mount External Retaining Ring for 11-15mm Shaft (MCMC 98543A218),1
459,B18.3.1M - 3 x 0.5 x 12 Hex SHCS -- 12NHX,,4
460,B18.3.5M - 4 x 0.7 x 8 Socket FCHS  -- 8N,,4
461,[HDWR-GEAR] Martin 15-Tooth Sprocket (25B15),,1
462,[HDWR-FSTR-KEY-UK] 4mm x 20mm,,1
463,SSFLATSKT 0.138-32x0.125-HX-N,,1
464,HX-SHCS 0.138-32x0.625x0.625-N,,10
465,HX-SHCS 0.164-32x0.625x0.625-S,,1
466,HX-SHCS 0.25-28x0.5625x0.5625-N,,4
467,B18.3.5M - 5 x 0.8 x 16 Socket FCHS  -- 16N,,4
468,SHSSCREW 0.5x0.625-N,,2
469,[HDWR-BELT] HKK Chain #25 Inner Link,,57
470,[HDWR-BELT] HKK Chain #25 Outer Link,,56
471,[HDWR-BELT] HKK Chain #25 Master Link,,2
472,[HDWR-BELT] HKK Chain #25 Offset Link,,1
473,[HDWR-BELT-TMID] Timing Belt HTD 168mm (A 6R23M056060),HTD 3mm 6mm Width 56 Tooth Timing Belt,1
474,[TMID-E-COMN-00] Mounting Plate,,1
475,[HDWR-MISC] Square Buna-N O-Ring 3 ̸ 8 x 1 ̸ 2 x 1 ̸ 16,"Square Buna-N O-Ring 3/8"" ID x 1/2"" OD x 1/16"" W (MCMC 4061T133 / AS568A-028)",1
476,[TMID-E-COMN-01] Cam,,1
477,[TMID-E-COMN-02] Bushing,,1
478,[ELEC-SWCH-COMN-00] Body,,2
479,[ELEC-SWCH-COMN-01] Arm,,2
480,[ELEC-SWCH-COMN-02] Roller,,2
481,Selected Narrow FW 0.094,,66
482,HX-SHCS 0.086-56x0.75x0.75-N,,4
483,SPS 0.0625x0.375,,1
484,SSCUPSKT 0.164-32x0.1875-HX-N,,2
485,[TMID-F-V2-COMN-00] Quick Release Plate,,1
486,[TMID-F-V2-COMN-01-L] Side Plate (Left),,1
487,[TMID-F-V2-COMN-01-R] Side Plate (Right),,1
488,[TMID-F-V2-COMN-02] Bottom Plate,,1
489,HNUT 0.2500-20-D-N,,4
490,[TMID-F-COMN-02] Bearing Collar,,2
491,[HDWR-BRNG-BALL-US-S] 3 ̸ 8 x 1-1 ̸ 8 x 3 ̸ 8 (1614-2RS),"Double-Sealed Ball Bearing 3/8"" ID x 1-1/8"" OD x 3/8"" W (1614-2RS)",2
492,[TMID-F-COMN-04] Bearing Collar Bushing,,4
493,93320A102,Polished Unthreaded Spacers,2
494,93320A104,Polished Unthreaded Spacers,2
495,socket countersunk head cap screw_ai,,10
496,[HDWR-FSTR-WASH] Flat Washer 1 ̸ 4 Screw Size,"Flat Washer 1/4"" Screw Size (MCMC 90850A100)",2
497,[TMID-F-COMN-03] Actuator Rear Mount Bushing,,2
498,[TMID-COVR-00] TMID Motor Covering,,1
499,[TMID-D-COMN-00] Rotation Shaft,,1
500,[HDWR-GEAR] Martin 30-Tooth Sprocket (25A30),,1
501,[HDWR-PULL] Timing HTD 44-Tooth (A 6A23M044DF0606),,1
502,B27.1 - NA1-125,,1
503,hex screw_ai,,2
504,SSCUPSKT 0.112-40x0.125-HX-N,,12
505,hex bolt_ai,,2
506,90101A235,18-8 Stainless Steel Thin Nylon-Insert Locknut,2
507,60645K822,Ball Joint Rod End,2
508,HNUT 0.3125-24-D-N,,2
509,[TLWR-A-V3-COMN-01] Linkage Rod,Internally Threaded Connecting Rod,2
510,92415A125,Zinc-Plated Steel Unthreaded Spacer,2
511,SBHCSCREW 0.25-28x0.75-HX-N,,2
512,SBHCSCREW 0.25-28x1.125-HX-N,,2
513,Preferred Narrow FW 0.3125,,4
514,socket button head cap screw_ai,,2
515,92320A664,18-8 Stainless Steel Unthreaded Spacer,2
516,[HDWR-BRNG-BALL-US-F] 1 ̸ 4 x 5 ̸ 8 x 0.196 (FR4-2RS),"Flanged Double-Sealed Ball Bearing 1/4"" ID x 5/8"" OD x 0.196"" W (FR4-2RS)",2
517,[TLWR-A-V3-B-COMN-00] Banana Plate,,1
518,[TLWR-A-V3-COMN-00] Base Block,,1
519,[TLWR-A-V3-COMN-02] L-Shaped Bracket,,2
520,[TLWR-A-V3-B-COMN-00] Banana Plate,,1
521,[HDWR-FSTR-NUT] NYHXNUT 5 ̸ 16-24-D,"Nylock Hex Nut 5/16""-24 (MCMC 97135A225)",2
522,[TUPR-A-COMN-00-L] Side Plate (Left),,1
523,[TUPR-A-COMN-00-R] Side Plate (Right),,1
524,[TUPR-A-COMN-01] Front Plate,,1
525,[TUPR-A-COMN-02-L] Flare Plate (Left),,1
526,[TUPR-A-COMN-02-R] Flare Plate (Right),,1
527,[TUPR-A-COMN-03] Stiffener,,2
528,[TUPR-A-COMN-04] Quick-Release Plate,,2
529,[TUPR-A-COMN-05] Rear Hinge,,2
530,[TUPR-A-COMN-06] Thrust Rod Spacer,,2
531,[TUPR-A-COMN-08] Wire Tunnel,,1
532,[TUPR-A-COMN-09] Wire Passthrough Plug,,2
533,92510A721,Aluminum Unthreaded Spacer,8
534,HX-SHCS 0.25-28x3.25x1.25-N,,1
535,hex bolt_ai,,6
536,92510A794,"Aluminum Unthreaded Spacer 3/4"" OD, 3/8"" Long, for 5/16"" Screw Size",6
537,[HDWR-FSTR-SCRW] Same-Size Shoulder Bolt 3 ̸ 8-24 x 1-1 ̸ 2,Same-Size Thread 18-8 Stainless Steel Shoulder Screw,2
538,[HDWR-FSTR-WASH] Oversized Flat Washer 3 ̸ 8 Screw Size,"Oversized Flat Washer 3/8"" Screw Size (MCMC 91117A222)",2
539,[HDWR-FSTR-NUT] NYHXNUT 3 ̸ 8-24-D,"Nylock Hex Nut 3/8""-24 (MCMC 97135A235)",2
540,[HDWR-FSTR-SCRW] Flanged Hex Bolt #8-32 x 3 ̸ 8,"Flanged Hex Bolt #8-32 x 3/8"" L (MCMC 92323A594)",4
541,[HDWR-FSTR-NUT] HXNUT #8-32-D,Hex Nut #8-32 (MCMC 91841A009),12
542,MSSQNUT 0.164-32-N,,16
543,[ELEC-ACTR-LACT4P-A-00] Body,,1
544,[ELEC-ACTR-LACT4P-B-00] Thrust Rod,,1
545,[ELEC-ACTR-LACT4P-D-00] Rear Mount,,1
546,[TUPR-B-COMN-00-V2.0] Shoulder Tube (Input-Inc),,1
547,[TUPR-B-COMN-01] Bushing,,1
548,[TUPR-B-COMN-06] Printable Bushing,,1
549,[TUPR-A-A-COMN-02] Printable Bearing Spacer,,1
550,[HDWR-FSTR-STND] Female-Female Threaded Hex Standoff #8-32 x 1 ̸ 4 x 2,"Female Threaded Hex Standoff Aluminum, 1/4"" Hex, 2"" Long, 8-32 Thread",6
551,[TUPR-A-A-COMN-03] Shaft,,1
552,[HDWR-FSTR-STND] Female-Female Threaded Hex Standoff #10-32 x 1 ̸ 4 x 3 ̸ 8,"Female Threaded Hex Standoff 18-8 Stainless Steel, 1/4"" Hex, 3/8"" Long, 10-32 Thread",4
553,[TUPR-B-COMN-02] Pivot Lug,,2
554,[TUPR-B-COMN-03] Lug Spacer,,2
555,[TUPR-B-COMN-04] Neck Rod Mount Block,,2
556,[TUPR-B-A-V2-COMN-00] Hug Housing,,1
557,[ELEC-SRVO-ASME04B-COMN-00-UPR] Gearbox (Top),,8
558,[ELEC-SRVO-ASME04B-COMN-00-LWR] Gearbox (Bottom),,8
559,[ELEC-SRVO-ASME04B-COMN-01] RS-555 Motor,,8
560,[ELEC-SRVO-ASME04B-A-00] Motor 13-Tooth 20PA 0.5 MOD Pinion Gear,,8
561,[ELEC-SRVO-ASME04B-COMN-02] Shaft,,8
562,[ELEC-SRVO-ASME04B-A-04] Output Shaft 51-Tooth 20PA 0.8 MOD Spur Gear,,8
563,[ELEC-SRVO-ASME04B-A-01] 1st Compound Gear,,8
564,[ELEC-SRVO-ASME04B-A-02] 2nd Compound Gear,,8
565,[ELEC-SRVO-ASME04B-A-03] 3rd Compound Gear,,8
566,[ELEC-SRVO-ASME04B-A-05] Wave Washer,,8
567,[ELEC-SRVO-ASME04B-A-06] Output Gear Spacer,,8
568,[ELEC-SRVO-ASME04B-COMN-04] PCB,,4
569,B18.6.7M - M3 x 0.5 x 13 Type I Cross Recessed PHMS --13N,,54
570,B18.6.7M - M3 x 0.5 x 5 Type I Cross Recessed PHMS --5N,,18
571,Parallel Pin ISO 2338 - 3 m6 x 14 - A1,,27
572,[ELEC-SRVO-ASME04B-COMN-03] PCB Washer,,12
573,B18.6.7M - M4 x 0.7 x 6 Type I Cross Recessed PHMS --6N,,16
574,[HDWR-PULL] Timing T5 22-Tooth (A 6A34M022T16),,2
575,[ELEC-SRVO-ASME04B-COMN-05] Murata Potentiometer,,2
576,[TUPR-B-A-V2-COMN-01] Tonegawa SSPS-102 Simulate,,2
577,[TUPR-B-A-V2-COMN-02] Cord Grip Nut,,2
578,[TUPR-B-A-V2-COMN-03] Cord Grip Cap,,2
579,[TUPR-B-A-V2-COMN-04-UPR] Insert (Upper),,2
580,[TUPR-B-A-V2-COMN-04-LWR] Insert (Lower),,2
581,[TUPR-B-A-V2-COMN-05] Lower Insert Plug,,2
582,[HDWR-BELT-TUPR] Timing Belt T5 185mm (POWGE T5x185x15),,2
583,socket head cap screw_ai,,4
584,[HDWR-FSTR-STND] Female-Female Threaded Hex Standoff #4-40 x 1 ̸ 4,"Female-Female Threaded Hex Standoff #4-40 x 1/4"" L (MCMC 91780A162)",8
585,HX-SHCS 0.25-20x1.625x1.125-N,,1
586,[HDWR-FSTR-WASH] Flat Washer 1 ̸ 4 Screw Size (Mil. Spec),"Mil. Spec Flat Washer 1/4"" Screw Size (MCMC 90945A761)",4
587,SSFLATSKT 0.19-24x0.1875-HX-N,,3
588,[TUPR-B-A-V2-COMN-00] Hug Housing,,1
589,HX-SHCS 0.164-32x0.75x0.75-N,,8
590,[HDWR-FSTR-SCRW] Low-Profile Socket Head Cap Screw 3 ̸ 8-16 x 1-1 ̸ 2,"Low-Profile Socket Head Cap Screw 3/8""-16 x 1-1/2"" (MCMC 92220A254)",2
591,HX-SHCS 0.19-24x1.25x1.25-N,,4
592,[HDWR-FSTR-SHIM-US] 1 ̸ 4 x 3 ̸ 8 x 0.062,"Round Shim 1/4"" ID x 3/8"" OD x 0.062"" THK (MCMC 3088A464)",4
593,HX-SHCS 0.25-28x2.5x2.5-N,,1
594,SCHCSCREW 0.112-40x0.4375x0.4375-HX-N,,12
595,[TUPR-B-COVR-00] Center Covering,,1
596,[TUPR-B-COVR-01] Potentiometer Covering,,1
597,[TUPR-C-A-COMN-00] D-Profile Rotary Shaft 8mm,,1
598,[HDWR-GEAR] Finished Bore 16-Tooth Sprocket (MCMC 2737T8),"BORED SPROCKET. 3/16""Keyway, with Set Screws",1
599,[HDWR-FSTR-STND] Unthreaded Spacer 8mm x 10mm (Variable),1522 Series 8mm ID Spacer,2
600,[HDWR-FSTR-STND] Unthreaded Spacer 8mm x 10mm (Variable),2807 Series Stainless Steel Shim,3
601,[HDWR-FSTR-STND] Unthreaded Spacer 8mm x 10mm (Variable),1522 Series 8mm ID Spacer,1
602,[HDWR-FSTR-STND] Unthreaded Spacer 8mm x 10mm (Variable),2807 Series Stainless Steel Shim,3
603,7095K129,Food Industry Oil-Embedded Sleeve Bearing,2
604,[NECK-F-LEFT-COMN-00] Upper Block,,1
605,[HDWR-FSTR-ROD] RH to LH Thread Adapting Stud 1 ̸ 2-13 x 5,"Right-Hand to Left-Hand Thread Adapting Stud 1/2""-13 x 5"" L (MCMC 94455A429)",2
606,[NECK-F-LEFT-COMN-01] Lower Block,,1
607,[HDWR-MISC] Convoluted Sleeving 1 ̸ 2'' ID,,2
608,[HDWR-BRNG-BALL-US-F] 1 ̸ 4 x 1 ̸ 2 x 3 ̸ 16 (FR188ZZ),"Flanged Double-Shielded Ball Bearing 1/4"" ID x 1/2"" OD x 3/16"" W (FR188ZZ)",6
609,[NECK-F-COMN-02] Countersunk End Cap,,1
610,[TUPR-C-A-COMN-04] D-Profile Neck Block Key Plate,,14
611,HX-SHCS 0.164-32x0.4375x0.4375-N,,10
612,[NECK-F-RGHT-COMN-00] Upper Block,,1
613,[NECK-F-RGHT-COMN-01] Lower Block,,1
614,[TUPR-D-COMN-00] Side Plate,,2
615,[HDWR-FSTR-STND] Female Threaded Round Standoff #8-32 x 3-1 ̸ 2,"Female Threaded Round Standoff #8-32 x 3-1/2"" L (MCMC 93265A037)",5
616,[HDWR-FSTR-STND] Female-Female Threaded Hex Standoff 1 ̸ 4-20 x 5 ̸ 8,"emale-Female Threaded Hex Standoff 1/4""-20 x 5/8"" L (MCMC 92230A305)",2
617,[HDWR-FSTR-STND] Female-Female Threaded Hex Standoff 1 ̸ 4-20 x 1 ̸ 2,"Female-Female Threaded Hex Standoff 1/4""-20 x 1/2"" L (MCMC 92230A301)",2
618,[HDWR-HYDR-FABK5X-V1-COMN-00] Body,,4
619,[HDWR-HYDR-FABK5X-V1-COMN-01] Top Cap,,4
620,[HDWR-HYDR-FABK5X-COMN-01] Fabco Clevis Mount (PM),,2
621,[HDWR-HYDR-FABK5X-V1-COMN-03] Piston,,4
622,[HDWR-HYDR-FABK5X-COMN-00] Fabco Rod Clevis & Pin (RC-16),,2
623,[HDWR-HYDR-MASTFIT] 1 ̸ 16 Universal Hose Fitting (UT0-2002-PKG),#10-32 to 1/16” ID Hose Universal Fitting (Pkg of 5),4
624,[HDWR-HYDR-MASTFIT] Universal Hose Fitting Banjo Bolt (UT0-4004-PKG),,4
625,HX-SHCS 0.138-32x0.5x0.5-N,,8
626,[HDWR-FSTR-STND] Unthreaded Spacer 1 ̸ 4 Screw Size x 1 ̸ 2 x 1 ̸ 4,"Unthreaded Spacer 1/4 Screw Size x 1/2"" OD x  1/4"" L (MCMC 92415A862)",5
627,[TUPR-D-COMN-01] Servo Arm,,2
628,[HDWR-FSTR-PIN] Quick-Release Pin 1 ̸ 4 x 4,"Quick-Release Pin 1/4"" DIA x 4"" L (MCMC 98320A160)",1
629,[TUPR-D-A-COMN-02] Manifold Mount for Simplified Manifold,,1
630,[HDWR-HYDR-MASTFIT-COMN-00] Main housing,,2
631,[HDWR-HYDR-MASTFIT-COMN-01] Connection housing,,2
632,[HDWR-HYDR-MASTFIT-COMN-02] Flow valve,,2
633,[HDWR-HYDR-MASTFIT-COMN-03] Flow valve seal,,2
634,[HDWR-HYDR-MASTFIT-COMN-04] Connection E-Clip,,2
635,[HDWR-HYDR-MASTFIT-COMN-05] Internal tooth lock washer,,4
636,[HDWR-HYDR-MASTFIT-COMN-06] 5 ̸ 16-24 Brass nut,,4
637,[HDWR-HYDR-MASTFIT-COMN-07] Connection valve,,2
638,[HDWR-HYDR-MASTFIT] 1 ̸ 16 Barb Right Angle Fitting (CT0-2-PKG),"#10-32 to 1/16” ID Hose Connector, PKG of 5",4
639,[HDWR-HYDR-SLAVEFIT-COMN-03] Gasket (GA-10),,34
640,[HDWR-MISC] Round Rubber Cap (9753K35),"Round Caps for 1/4"" to 5/16"" OD, 1/2"" Inside Height, Black (Pack of 100)",2
641,[HDWR-HYDR-MASTFIT] 10-32 X Fitting (15002-5),Clippard #10-32 “X” Fitting (Pack of 10),4
642,[HDWR-HYDR-MASTFIT] 10-32 Male Nipple (PN11999),10-32 Male Nipple (10 Pack),2
643,[HDWR-HYDR-SLAVEFIT-COMN-00] 1 ̸ 16 Barb Fitting (1016  ̸  Clippard 11752-5),,4
644,[HDWR-HYDR-SLAVEFIT-LWR-COMN-00] Needle Valve (FN-32),,6
645,[HDWR-HYDR-MASTFIT] 10-32 Headless Screw Plug (0035-2),"#10-32 Headless Screw Plug, Pack of 10",6
646,[HDWR-SHFT] Sonic Hub 8mm x 32mm x 10mm (1309-0016-0008),Sonic Hub (8mm Bore),2
647,[ARM-B-COMN-06] D-Shaft Pulley Mount,,4
648,B18.3.1M - 4 x 0.7 x 12 Hex SHCS -- 12NHX,,8
649,SBHCSCREW 0.25-20x1.625-HX-N,,2
650,HBOLT 0.2500-20x0.5x0.5-N,,2
651,B18.6.7M - M4 x 0.7 x 20 Indented HHMS --20N,,8
652,Tube .125in OD X .035in Wall,,1
653,Tube .125in OD X .035in Wall,,1
654,Tube .125in OD X .035in Wall,,1
655,Tube .125in OD X .035in Wall,,1
656,Tube .125in OD X .035in Wall,,1
657,Tube .125in OD X .035in Wall,,1
658,[TUPR-C-V2-COMN-00] Side Plate,,2
659,[TUPR-C-V2-COMN-01] Front Cross Bar,,2
660,[TUPR-C-V2-COMN-02] Rear Cross Bar,,2
661,[HDWR-FSTR-ROD] Fully Threaded Rod M8 x 1m,Threaded Rod M8 x 1m (MCMC 98942A115),2
662,[HDWR-FSTR-ROD] Fully Threaded Rod 1 ̸ 4-28 x 12,"Threaded Rod 1/4-28 x 12"" (MCMC 99086A308)",2
663,[HDWR-BJNT] M8 x 1.25 Female RH Ball Joint Rod End,M8 x 1.25 Female Right-Handed Ball Joint Rod End (MCMC 4483T421),2
664,[HDWR-FSTR-NUT] HJNUT M8-D,Hex Jam Nut M8 (MCMC 90710A120),4
665,[HDWR-BRNG-BALL-UK-F] 8mm x 14mm x 5mm,"1611 Series Flanged Ball Bearing (8mm ID x 14mm OD, 5mm Thickness)",1
666,25-0.25P1ST10T10SN3.0H2.0L0.1250N,Steel D-Shaft Sprocket for #25 Pitch Chain - 10 Teeth,1
667,[HDWR-GEAR] Machinable Bore 9-Tooth Sprocket (MCMC 6793K100),,2
668,[HDWR-FSTR-SHIM-US] 1 ̸ 4 x 3 ̸ 8 x 0.047,"Round Shim 1/4"" ID x 3/8"" OD x 0.047"" THK (MCMC 3088A449)",8
669,94035A185,18-8 Stainless Steel Precision Shoulder Screw,3
670,90633A411,Low-Strength Steel Thin Nylon-Insert Locknut,7
671,91115A781,Female Threaded Hex Standoff,4
672,[HDWR-GEAR] Machinable Bore 12-Tooth Sprocket (MCMC 6793K400),"McMaster-Carr ANSI 25 Chain, 12 Teeth, for 1/4"" Shaft Diameter",1
673,6264K3,Adding-and-Connecting Link for ANSI Number 25-SS Single Strand Corrosion-Resistant Roller Chain,1
674,[TUPR-C-V2-COMN-08] PCB Mount,,1
675,92871A029,18-8 Stainless Steel Unthreaded Spacer,1
676,[TUPR-C-V2-COMN-06] D-Shaft Shim,,1
677,[TUPR-C-V2-COMN-07] Cover Plate,,1
678,SBHCSCREW 0.19-32x1.5-HX-N,,4
679,HNUT 0.2500-28-D-N,,2
680,HJNUT 0.2500-28-D-N,,4
681,B18.3.4M - 4 x 0.7 x 12 SBHCS --N,,4
682,socket button head cap screw_am,,20
683,hex screw_am,,4
684,B18.2.4.1M - Hex nut,"Style 1,  M4 x 0.7 --D-N,",4
685,B18.3.4M - 4 x 0.7 x 8 SBHCS --N,,2
686,SSFLATSKT 0.19-32x0.1875-HX-N,,2
687,[TUPR-E-COMN-00] Base Plate,,2
688,[TUPR-E-COVR-01] Disc,,1
689,[TUPR-E-LASR-COMN-00] Vertical Tube,,1
690,[TUPR-E-LASR-COMN-01] Hinge Plug,,1
691,[TUPR-E-LASR-COMN-02] Hinge,,1
692,[TUPR-E-LASR-COMN-03] Shaft Coupling,,1
693,[TUPR-E-COMN-05] Filler Tube,,1
694,[ELEC-ACTR-SKF-CAR32-C-00] Limit Switch Sleeve (CAXB32),,1
695,[ELEC-ACTR-SKF-COMN-00] Limit Switch Cover,,1
696,[ELEC-ACTR-SKF-COMN-02] Limit Switch Dust Cover,,1
697,HX-SHCS 0.112-40x0.4375x0.4375-N,,6
698,SSCUPSKT 0.138-32x0.375-HX-N,,3
699,[ACC-LASR-MSTR-COMN-00] Laser Master,,1
700,SCHCSCREW 0.086-56x0.25x0.25-HX-N,,62
701,[ACC-LASR-MSTR-COMN-A-00] Square Plate,,1
702,[ACC-LASR-MSTR-COMN-A-01] Mount Block,,1
703,SBHCSCREW 0.112-40x0.75-HX-N,,4
704,[ACC-LASR-MSTR-COMN-A-02] Toggle Switch Plate,,1
705,SBHCSCREW 0.112-40x0.375-HX-N,,43
706,[ACC-LASR-MSTR-COMN-A-03] Toggle Switch Protector Plate,,1
707,[ACC-LASR-MSTR-COMN-A-04] Toggle Switch,,1
708,ASME B18.8.2 - 0.2187x1,,1
709,[HDWR-FRAM] Extruded Aluminum Frame (25-5050),50mm X 50mm T-Slotted Profile - Eight Open T-Slots,1
710,[HDWR-SHFT] Clamping Hub 1 inch x 8mm (1302-0032-1000),"1302 Series Clamping Hub (1"" Bore)",2
711,[TUPR-E-COMN-06] Clamp Bracket,,1
712,[TUPR-E-COVR-00] Tube,,1
713,[TUPR-E-COVR-02-LASR] SKF Actuator Simulate (Laser),,1
714,SCHCSCREW 0.112-40x0.125x0.125-HX-N,,3
715,99637A179,18-8 Stainless Steel Binding Barrels,4
716,socket head cap screw_ai,,4
717,socket head cap screw_ai,,2
718,B18.3.5M - 4 x 0.7 x 12 Socket FCHS  -- 12N,,8
719,[TUPR-F-V2-COMN-00-L] Side Plate (Left),,1
720,[TUPR-F-V2-COMN-00-R] Side Plate (Right),,1
721,[HDWR-MISC] Rubber Bellows 2-1 ̸ 4'' ID,,1
722,[HDWR-FRAM] Extruded Aluminum Frame (20-4040),40mm X 40mm T-Slotted Profile - Eight Open T-Slots,1
723,[HDWR-FRAM] Extruded Aluminum Frame (25-5050),50mm X 50mm T-Slotted Profile - Eight Open T-Slots,1
724,[HDWR-FRAM] Extruded Aluminum Frame (25-5050),50mm X 50mm T-Slotted Profile - Eight Open T-Slots,1
725,[TUPR-E-COVR-00] Tube,,1
726,[TUPR-F-COVR-01-OUTR] Tool Arm Covering (Outer),,1
727,[TUPR-F-COVR-01-INNR] Tool Arm Covering (Inner),,1
728,[TUPR-F-COVR-02-V1] Lid (Hero),,1
729,[TUPR-F-COVR-04] Tool Arm Pivot Covering,,1
730,[HDWR-MISC] Rubber Bellows 3 ̸ 4'' ID (TUPR),,1
731,[TUPR-F-COVR-03] Rear Cap,,1
732,[TUPR-I-COMN-01] PCB Sled,,1
733,[TUPR-I-COMN-00] Lock Bracket,,2
734,HX-SHCS 0.19-32x0.5x0.5-N,,2
735,[HDWR-MISC] Hook and Loop Velcro 1 Inch Wide (9273K14),,2
736,[TUPR-I-COMN-01] PCB Sled,,1
737,SCHCSCREW 0.164-32x0.5625x0.5625-HX-N,,12
738,socket head cap screw_ai,,1
739,SBHCSCREW 0.073-64x0.188-HX-N,,10
740,[TUPR-H-COMN-01] Rocker Switch,,1
741,[ELEC-BULB-LED5] Kingbright Green Diffused LED,,1
742,[TUPR-H-COMN-00] Housing,,1
743,[TUPR-COVR-00] Triangle,,1
744,[TUPR-G-V2-A-02-SHRT] Angle Iron (Short),,2
745,[TUPR-G-V2-A-02-LONG] Angle Iron (Long),,2
746,[TUPR-G-V2-A-02-MED] Angle Iron (Medium),,2
747,[TUPR-G-V2-A-00] Front Panel,,1
748,[TUPR-G-V2-A-01-L] Side Panel (Left),,1
749,[TUPR-G-V2-A-01-R] Side Panel (Right),,1
750,[TUPR-G-COMN-00] Spacer,,1
751,[TUPR-G-COMN-02] Sandwiched Plate,,1
752,[TUPR-G-COMN-01] Threaded Bar,,1
753,SBHCSCREW 0.112-40x0.188-HX-N,,18
754,[TUPR-G-COVR-00] Chest Covering,,1
755,[TUPR-G-COVR-01] Side Covering,,1
756,[TUPR-G-COVR-02] Back Covering,,1
757,[DTL-COVR02-UPR] Back Covering Details (Upper),,1
758,[DTL-COVR00-LWR] Chest Covering Details (Lower),,1
759,[HDWR-MISC] Rubber Bellows 3'' ID,,1
760,[DTL-COVR00-LEFT] Chest Covering Details (Left),,1
761,[TUPR-G-COVR-03] Screw Cover Plate,,1
762,[DTL-COVR01-LWR] Side Covering Details (Lower),,1
763,[DTL-COVR00-UPR] Chest Covering Details (Upper),,1
764,[DTL-COVR02-LONG] Back Covering Details (Lower,"Long),",1
765,[DTL-COVR02-SHRT] Back Covering Details (Lower,"Short),",1
766,[DTL-COVR01-UPR] Side Covering Details (Upper),,1
767,[ARM-A-V2-LEFT-OUTR-COMN-00] Outer Cuff,,1
768,[ARM-A-V2-COMN-00] Mounting Plate,,2
769,[ARM-A-V2-LEFT-OUTR-COMN-01] Servo Shroud,,1
770,B18.6.7M - M3 x 0.5 x 20 Type I Cross Recessed PHMS --20N,,8
771,[HDWR-FSTR-NUT] HJNUT M3-D,Hex Jam Nut M3 (MCMC 90710A030),8
772,[HDWR-FSTR-MAG] Neodymium Disc Magnet 5mm x 3mm,,8
773,[ELEC-SRVO-ASME03B-COMN-00-UPR] Gearbox (Top),,1
774,[ELEC-SRVO-ASME03B-COMN-00-LWR] Gearbox (Bottom),,1
775,[ELEC-SRVO-ASME03B-COMN-01] RS-555 Motor,,1
776,[ELEC-SRVO-ASME03B-A-00] Motor 13-Tooth 20PA 0.5 MOD Pinion Gear,,1
777,[ELEC-SRVO-ASME03B-COMN-02] Shaft,,1
778,[ELEC-SRVO-ASME03B-A-04] Output Shaft 51-Tooth 20PA 0.8 MOD Spur Gear,,1
779,[ELEC-SRVO-ASME03B-A-01] 1st Compound Gear,,1
780,[ELEC-SRVO-ASME03B-A-02] 2nd Compound Gear,,1
781,[ELEC-SRVO-ASME03B-A-03] 3rd Compound Gear,,1
782,[ELEC-SRVO-ASME03B-A-05] Wave Washer,,1
783,[ELEC-SRVO-ASME03B-A-06] Output Gear Spacer,,1
784,[ELEC-SRVO-ASME03B-COMN-03] PCB Washer,,4
785,[ELEC-SRVO-ASME03B-COMN-04] PCB,,1
786,B18.3.1M - 4 x 0.7 x 14 Hex SHCS -- 14NHX,,8
787,[ARM-A-V2-COMN-LWR-COMN-01] Shoulder Plug,,2
788,[ARM-A-V2-COMN-LWR-COMN-00] Lower Cuff,,1
789,socket countersunk head cap screw_ai,,4
790,[ARM-A-V2-COMN-INNR-COMN-00] Inner Cuff,,2
791,[ARM-A-V2-COMN-INNR-COMN-01] Bearing Ring,,2
792,[HDWR-BRNG-BALL-US-S] 2-5 ̸ 16 x 2-7 ̸ 8 x 9 ̸ 32 (B546-2RS-MAX),"Double-Sealed Ball Bearing 2-5/16"" ID x 2-7/8"" OD x 9/32"" W (B546-2RS-MAX)",2
793,[ARM-A-V2-COMN-02] Spring Shaft,,2
794,[ARM-A-V2-COMN-03] Flat Coil Spring,,2
795,[ARM-A-V2-COMN-04] Spring Cover Plate,,2
796,[ARM-A-V2-COMN-05] Servo Shaft Interface,,2
797,[ARM-A-V2-COMN-06] Hinge Plate,,2
798,[HDWR-PULL] Timing T5 22-Tooth (A 6A34M022T16),,2
799,[ARM-A-COVR-00-L] Shoulder Covering (Left),,1
800,SCHCSCREW 0.19-24x0.875x0.875-HX-N,,12
801,[ARM-B-COMN-00] Backplate,,2
802,[ARM-B-LEFT-A-INNR-00] Side Plate (Left,"Inner),",2
803,[ARM-B-LEFT-A-OUTR-00] Side Plate (Left,"Outer),",2
804,[ARM-B-COMN-04] Core,,1
805,[HDWR-BRNG-BALL-UK-F] 32mm x 41mm x 5mm (1601-0039-0032),"32mm ID Flanged Ball Bearing (39mm OD, 5mm Thickness)",2
806,[ARM-B-COMN-06] D-Shaft Pulley Mount,,8
807,[HDWR-PULL] Timing HTD 5mm x 24-Tooth (3411-0014-0024),"5mm HTD Pitch Aluminum Hub Mount Timing Belt Pulley (14mm Bore, 24 Tooth)",2
808,[ARM-B-COMN-03] Bearing Spacer,"5mm HTD Pitch Aluminum Hub Mount Timing Belt Pulley (14mm Bore, 24 Tooth)",2
809,2934T122,Corrosion-Resistant Flanged Sleeve Bearing,6
810,B18.3.1M - 4 x 0.7 x 20 Hex SHCS -- 20NHX,,2
811,[HDWR-FSTR-WASH] Delrin Washer 6mm x 8mm x 1mm (1500-0010-0006),1500 Series Plastic Spacer,6
812,[HDWR-PULL] Timing Belt Idler 6mm x 12mm x 12mm (3413-0001-0001),Acetal Timing Belt Idler,2
813,[HDWR-PULL-ARC] Screw Plate,1524 Series Arc-Slot Tensioner Bracket,2
814,[HDWR-PULL-ARC] Arc Slot Bracket,1524 Series Arc-Slot Tensioner Bracket,2
815,socket head cap screw_am,,4
816,[HDWR-FSTR-WASH] Split Lock Washer M4 (2809-0004-0007),2809 Series Zinc-Plated Steel Split-Lock Washer (4mm ID x 7mm OD) - 25 Pack,4
817,B18.3.4M - 4 x 0.7 x 4 SBHCS --N,,2
818,[HDWR-PULL] Timing HTD 5mm x 24-Tooth Hex Bore (3417-4008-0024),"5mm HTD Pitch Set Screw Pinion Timing Belt Pulley (8mm REX Bore, 24 Tooth)",2
819,[HDWR-FSTR-WASH] Delrin Washer 8mm x 10mm x 1mm (1500-0010-0008),1500 Series Plastic Spacer,8
820,98089A389,18-8 Stainless Steel Round Shim,4
821,90214A225,316 Stainless Steel Ring Shim,4
822,57155K622,Stainless Steel Ball Bearing,4
823,[HDWR-SHFT] 8mm REX Shaft 110mm,"Stainless Steel REX Shaft (8mm Diameter, 110mm Length)",1
824,[ARM-B-COMN-08] Elbow Pulley Spacer,,4
825,[ELEC-SRVO-GB25] GoBuilda 25-2 (2000-0025-0002),"2000 Series Dual Mode Servo (25-2, Torque)",16
826,[ARM-B-B-COMN-02] Pull Plate,,4
827,[ELEC-SRVO-HORN] Low Profile 25-Tooth (1906-0025-0032),"1906 Series Low-Profile Servo Hub (25 Tooth Spline, 32mm Diameter)",4
828,90596A111,"Steel Round-Base Weld Nut Zinc-Plated, 4-40 Thread Size",16
829,[ARM-B-B-COMN] Cable Pulley Plate (Bottom),,4
830,[ARM-B-B-COMN] Cable Pulley Plate (Top),,4
831,Part1^[ARM-B-B] Wrist Servo Cable Cage,,4
832,Part3^[ARM-B-B] Wrist Servo Cable Cage,,4
833,Part4^[ARM-B-B] Wrist Servo Cable Cage,,4
834,B18.6.7M - M3.5 x 0.6 x 5 Type I Cross Recessed PHMS --5N,,4
835,socket button head cap screw_ai,,10
836,[HDWR-FSTR-STND] Female-Female Threaded Hex Standoff #4-40 x 7 ̸ 8,"Female Threaded Hex Standoff Aluminum, 3/16"" Hex, 7/8"" Long, 4-40 Thread",56
837,[HDWR-FSTR-STND] Female-Female Threaded Hex Standoff #4-40 x 5 ̸ 8,"Female Threaded Hex Standoff 18-8 Stainless Steel, 3/16"" Hex, 5/8"" Long, 4-40 Thread",4
838,[ARM-B-A-COMN-01] Pull Plate,,1
839,[ELEC-SRVO-HORN] Silvery Servo Horn 25T,Silvery Servo Disc for Robot Mechanical Claw,6
840,[ARM-B-A-COMN-02] Finger Pulley,,6
841,B18.3.4M - 3 x 0.5 x 8 SBHCS --N,,6
842,socket button head cap screw_am,,6
843,SSFLATSKT 0.112-40x0.125-HX-N,,6
844,[ARM-B-A-COMN-01] Pull Plate,,1
845,SBHCSCREW 0.112-40x0.5625-HX-N,,2
846,[ARM-B-A-COMN-01] Pull Plate,,1
847,[HDWR-FSTR-NUT] NYHXNUT M3,"Medium-Strength Steel Nylon-Insert Locknut Class 8, Zinc Plated, M3 x 0.5 mm Thread, 4 mm High",12
848,[HDWR-FSTR-SCRW] Steel Pan Head Screw M3 x 25mm,"JIS Steel Pan Head Screws M3 x 0.5 mm Thread, 25 mm Long",12
849,92510A520,"Aluminum Unthreaded Spacer 5/16"" OD, 1/8"" Long, for Number 6 Screw Size",12
850,[ARM-B-COVR-00-L-INNR] Upper Arm Covering (Left,"Inner),",1
851,[ARM-B-COVR-00-L-OUTR] Upper Arm Covering (Left,"Outer),",1
852,Belt1-1^[ARM-B-LEFT] Upper Arm (Left),"715-5M-09 Timing Belt type 5M 715mm Pitch Length, 09mm Width",1
853,H_Bridge,,2
854,mini-maestro-12-channel-usb-servo-controller,,2
855,[ARM-C-COMN-00] Front Plate,,2
856,[HDWR-BRNG-BALL-US-S] 5 ̸ 8 x 7 ̸ 8 x 5 ̸ 32 (R1458-ZZ or ServoCity 535028),Double-Shielded Ball Bearing 5/8 ID x 7/8 OD x 5/32 W (R1458-ZZ or ServoCity 535028),2
857,[ARM-C-LEFT-A-INNR-00] Side Plate (Left,"Inner),",2
858,[ARM-C-LEFT-A-OUTR-00] Side Plate (Left,"Outer),",2
859,[ARM-C-COMN-01] Top Plate,,2
860,[ARM-C-COMN-02] Bottom Plate,,2
861,[HDWR-SHFT] Sonic Hub (HEX) 8mm REX x 32mm x 10mm (1309-0016-4008),Sonic Hub (8mm REX Bore),2
862,[HDWR-SHFT] Sonic Hub (HEX) 8mm REX x 32mm x 10mm (1309-0016-4008),Sonic Hub (8mm REX Bore),2
863,B18.3.5M - 4 x 0.7 x 10 Socket FCHS  -- 10N,,16
864,[ARM-D-A-COMN-00] Base Plate,,2
865,[ARM-D-A-COMN-01] Cable Feed Block,,2
866,3434T21,Pulley for Wire Rope,8
867,SCHCSCREW 0.125-40x0.75x0.75-HX-N,,4
868,SBHCSCREW 0.125-40x0.4375-HX-N,,4
869,SSCUPSKT 0.19-32x0.25-HX-N,,8
870,[ARM-D-B-COMN-00] Twist Pulley,,2
871,[ARM-D-B-COMN-01] Cable Clamp,,2
872,[HDWR-BRNG-TRST] 1-1 ̸ 8 x 1-3 ̸ 4 x 0.142125 (MCMC 5909K37 & 5909K51),"Thrust Needle Roller Bearing 1-1/8"" ID x 1-3/4"" OD x 0.142125"" W (MCMC 5909K37 & 5909K51)",2
873,HX-SHCS 0.073-64x0.25x0.25-N,,2
874,SBHCSCREW 0.125-40x0.25-HX-N,,2
875,[HDWR-FSTR-SCRW] Socket Head Cap Screw 5 ̸ 8-18 x 3 ̸ 4,"Socket Head Cap Screw 5/8""-18 x 3/4"" (MCMC 91251A483)",2
876,[ARM-D-C-COMN-00] Spacer Bar,,2
877,[ARM-D-C-COMN-01] Triangle Plate,,4
878,[ARM-D-C-COMN-03] Lift Pulley,,2
879,[ARM-D-C-COMN-02] Bearing Pin,,2
880,[HDWR-BRNG-BALL-US-F] 1 ̸ 4 x 3 ̸ 8 x 1 ̸ 8 (FR168ZZ),"Flanged Double-Shielded Ball Bearing 1/4"" ID x 3/8"" OD x 1/8"" W (FR168ZZ)",5
881,[HDWR-FSTR-SHIM-US] 1 ̸ 4 x 3 ̸ 8 x 0.01,"Round Shim 1/4"" ID x 3/8"" OD x 0.01"" THK (MCMC 90482A203)",2
882,SPS 0.125x0.5,,4
883,[HDWR-FSTR-SCRW] Set Screw Cup Point #2-56 x 1 ̸ 16,"Cup Point Set Screw #2-56 x 1/16"" L (MCMC 91375A072)",8
884,HX-SHCS 0.112-40x0.25x0.25-N,,16
885,[HDWR-FSTR-SHIM-US] 1 ̸ 8 x 3 ̸ 16 x 0.01,"Round Shim 1/8"" ID x 3/16"" OD x 0.01"" THK (MCMC 99040A310)",32
886,[HDWR-FSTR-SHIM-US] 1 ̸ 4 x 8.4mm x 0.01,"1/4"" ID Stainless Steel Shim (0.01"" Thickness)",20
887,SBHCSCREW 0.164-32x0.25-HX-N,,4
888,[ARM-D-D-COMN-00] Hand Mounting Block,,2
889,HX-SHCS 0.138-32x0.5625x0.5625-N,,2
890,SSFLATSKT 0.138-32x0.1875-HX-N,,8
891,[HDWR-CABL-ARM] Twist Pulley Cabling,,2
892,[HDWR-CABL-ARM] Lift Pulley Cabling,18-8 Stainless Steel Corrosion-Resistant Wire Rope,2
893,[ARM-E-A-COMN-01] Top Plate,,2
894,[ARM-E-A-COMN-02] Middle Plate,,2
895,[ARM-E-A-COMN-03] Bottom Plate,,2
896,HX-SHCS 0.19-24x0.75x0.75-N,,4
897,[ARM-E-B-A-A-COMN-00-L] Knuckle (Left),,2
898,[ARM-E-B-COMN-01] Primary Linkage Pin,,24
899,[ARM-E-B-COMN-02] Cable Retention Pin,,4
900,[ARM-E-B-A-REAR-COMN-00] Rear Segment,,4
901,[ARM-E-B-COMN-06] Finger & Thumb Top Button,,6
902,[ARM-E-B-A-REAR-COMN-02] Finger Middle Button,,8
903,[ARM-E-B-COMN-08] Finger & Thumb Rear Button,,12
904,[ARM-E-B-A-REAR-COMN-03] Fingerprint Mount,,4
905,[ARM-E-B-COMN-09] Fingerprint (Rear),,6
906,92510A023,Aluminum Unthreaded Spacer,12
907,[HDWR-FSTR-ROD] Fully Threaded Stud #2-56 x 1-1 ̸ 4,18-8 Stainless Steel Threaded Rod,6
908,[HDWR-FSTR-ROD] Fully Threaded Stud #2-56 x 1,Low-Strength Threaded Rods,4
909,98381A473,Dowel Pin,6
910,[ARM-E-B-A-MID-COMN-00] Middle Segment,,4
911,[ARM-E-B-COMN-07] Finger & Thumb Front Button,,12
912,[ARM-E-B-A-MID-COMN-02] Fingerprint Mount,,4
913,[ARM-E-B-A-MID-COMN-03] Fingerprint,,4
914,92510A019,Aluminum Unthreaded Spacer,4
915,[ARM-E-B-A-FRNT-COMN-00] Front Segment,,4
916,[ARM-E-B-A-FRNT-COMN-01] Seconday Linkage Pin (Front),,4
917,[ARM-E-B-A-FRNT-COMN-03] Fingerprint Mount,,4
918,[ARM-E-B-A-FRNT-COMN-04] Fingerprint,,4
919,[ARM-E-B-A-COMN-00] Primary Linkage,,8
920,[ARM-E-B-COMN-04] Cable Pin,,4
921,[ARM-E-B-A-COMN-01] Secondary Linkage,,4
922,[HDWR-CABL-ARM] Finger Cabling (External Half),Galvanized Steel Push-Pull Casing C096,6
923,[HDWR-PULL-FIT] Cable Crimp 8mm x 2mm,Coated Copper Crimping Tube for Pull/Pull Wire,4
924,[ARM-E-B-A-A-COMN-00-R] Knuckle (Right),,2
925,[HDWR-PULL] Uxcell 603U 3mm x 12mm x 3mm (1035707),Uxcell 603 U Groove Ball Track Guide Bearing 3x10x3mm Double Metal Shielded (GCr15) Chrome Steel Bearing,12
926,[ARM-E-B-COMN-10] Spring Hook,,6
927,[ARM-E-B-B-A-COMN-00-V2] Knuckle (V2),,2
928,ASME B18.8.2 - 0.1875x0.5,,2
929,[ARM-E-B-B-REAR-COMN-00] Rear Segment,,2
930,[ARM-E-B-B-REAR-COMN-01] Thumbprint Mount,,2
931,[HDWR-FSTR-ROD] Fully Threaded Stud #2-56 x 1-1 ̸ 4,18-8 Stainless Steel Threaded Rod,2
932,[ARM-E-B-B-FRNT-COMN-00] Front Segment,,2
933,[ARM-E-B-B-FRNT-COMN-02] Thumbprint Mount,,2
934,[ARM-E-B-B-FRNT-COMN-03] Thumbprint,,2
935,[ARM-E-B-B-COMN-00] Primary Linkage,,4
936,HX-SHCS 0.19-24x0.5x0.5-N,,2
937,Pull Cable^[ARM-E-B-B] Thumb,,2
938,92510A389,Aluminum Unthreaded Spacer,4
939,94135K1,302 Stainless Steel Corrosion-Resistant Extension Spring,6
940,[ARM-B-COMN-05] Nylon Spacer,,2
941,[NECK-F-FRNT-COMN-00] Upper Block,,1
942,[NECK-F-FRNT-COMN-02] Collar,,1
943,[HDWR-FSTR-ROD] RH to LH Thread Adapting Stud 1 ̸ 2-13 x 5,"Right-Hand to Left-Hand Thread Adapting Stud 1/2""-13 x 5"" L (MCMC 94455A429)",1
944,[NECK-F-FRNT-COMN-01] Lower Block,,1
945,[HDWR-MISC] Convoluted Sleeving 1 ̸ 2'' ID,,1
946,[HDWR-SPNG] Torsion Spring 0.135 x 1.102 (9271K593),Torsion Spring,1
947,HX-SHCS 0.138-32x0.875x0.875-N,,1
948,[HDWR-SPNG] Torsion Spring 0.135 x 1.102 (9271K593),Torsion Spring,1
949,[NECK-A-COMN-00] C-Channel,,1
950,[HEAD-C-COMN-A-01] Pivot Pin,"Rotary Shaft 12L14 Carbon Steel, 1/16"" Diameter, 18"" Long",5
951,[NECK-A-COMN-05] Spring Spacer Plate,,1
952,socket head cap screw_ai,,1
953,92230A340,Zinc-Plated 12L14 Steel Female Threaded Hex Standoff,1
954,[HDWR-FSTR-SHIM-US] 1 ̸ 4 x 3 ̸ 8 x 0.032,"Round Shim 1/4"" ID x 3/8"" OD x 0.032"" THK (MCMC 90482A512)",2
955,[HDWR-BRNG-BALL-US-F] 3 ̸ 8 x 7 ̸ 8 x 9 ̸ 32 (FR6-2RS),"Double-Sealed Ball Bearing 3/8"" ID x 7/8"" OD x 9/32"" W (FR6-2RS)",1
956,[CRDL-COMN-C-COMN-00] Battery Tray,,1
957,[NECK-E-COMN-01] Front Slide,,1
958,CR-PHMS 0.06-80x0.75x0.75-N,,40
959,SBHCSCREW 0.138-32x0.25-HX-N,,4
960,HX-SHCS 0.112-40x0.75x0.75-N,,14
961,HX-SHCS 0.112-40x0.375x0.375-N,,47
962,SBHCSCREW 0.112-40x0.4375-HX-N,,2
963,[NECK-B-V2-COMN-00] Adjustment Plate,,1
964,[HDWR-BRNG-BALL-UK-F] 8mm REX ID x 14mm x 5mm,"1611 Series Flanged Ball Bearing (8mm REX™ ID x 14mm OD, 5mm Thickness) - 2 Pack",1
965,[ELEC-SRVO-GB25] GoBuilda 25-502 (2000-0025-0502),,1
966,[ELEC-SRVO-HORN] 8mm REX Servo Shaft,"8mm REX™ Servo Shaft (25 Tooth Spline, 36mm Length)",1
967,[NECK-B-V2-COMN-01] 18 Tooth Timing Pulley,,1
968,[NECK-B-V2-COVR-00] Futaba FP-S110 (Sail Winch) Simulate,,1
969,SCHCSCREW 0.112-40x0.75x0.75-HX-N,,10
970,SSFLATSKT 0.138-32x0.25-HX-N,,2
971,[NECK-D-V3-COMN-01] 3D Printable Timing Pulley HTD 72-Tooth,,1
972,[HDWR-BRNG-TRST] 1-1 ̸ 2 x 2-3 ̸ 16 x 0.142125 (MCMC 5909K41 & 5909K54),"Thrust Needle Roller Bearing 1-1/2"" ID x 2-3/16"" OD x 0.142125"" W (MCMC 5909K41 & 5909K54)",1
973,[NECK-D-V3-COMN-00] Disc,,1
974,[NECK-D-V3-COMN-03] Concave Block,,1
975,[NECK-D-V3-COMN-04] Neck Shaft,,1
976,[NECK-D-V3-COMN-02] Compression Plate,,1
977,[NECK-C-UPR-COMN-02] Ball Cup (1-Piece),,4
978,SPS 0.0938x0.875,,1
979,[HDWR-ZERK] Grease Fitting 1 ̸ 4-28 (MCMC 1095K41),Zinc-Plated Steel Grease Fitting,2
980,[ARM-A-V2-RGHT-OUTR-COMN-00] Outer Cuff,,1
981,[ARM-A-V2-COMN-LWR-COMN-00] Lower Cuff,,1
982,socket head cap screw_ai,,1
983,[HDWR-BELT-NECK] Timing Belt HTD 306mm (A 6R23M102060),"HTD 3M Timing Belt 102 Tooth, 306mm Pitche Length",1
984,[HDWR-UJNT-COMN-00-LWR] Lower Yoke,,1
985,[HDWR-UJNT-COMN-00-UPR] Upper Yoke,,1
986,[HDWR-UJNT-COMN-01] Block,,1
987,[HDWR-UJNT-COMN-02] Main Pin,,1
988,[HDWR-UJNT-COMN-03] Half Pin (Countersunk),,1
989,[HDWR-UJNT-COMN-04] Half Pin (Flat),,1
990,[HDWR-UJNT-COMN-05] Rivet Pin,,1
991,[NECK-E-COMN-00] Base Plate,,1
992,[ARM-B-A-COMN-01] Pull Plate,,1
993,SCHCSCREW 0.086-56x0.375x0.375-HX-N,,20
994,[ELEC-PCB-LIP-COMN-00] Lip Light LED PCB,,1
995,[ELEC-BULB-LED5] Keystone Electronics 8317 Spacer,,72
996,[ELEC-BULB-LED5] Kingbright Green LED,,24
997,[ELEC-BULB-LED5] Kingbright Red LED,,48
998,[ELEC-BULB-LED5] Kingbright Orange Diffused LED,,2
999,[ELEC-BULB-LED5] Kingbright Orange Diffused LED,,12
1000,[HDWR-FSTR-STND] Male-Female Threaded Hex Standoff #2-56 x 3 ̸ 16,"Male-Female Threaded Hex Standoff #2-56 x 3/16"" L (MCMC 93620A503)",4
1001,HX-SHCS 0.086-56x0.188x0.188-N,,6
1002,[NECK-COVR-00] Lip Light Box,,1
1003,SBHCSCREW 0.086-56x0.188-HX-N,,13
1004,[HDWR-FSTR-PIN] Push-Button Quick-Release Pin 1 ̸ 4 x 5 ̸ 16,"Push-Button Quick-Release Pin 1/4"" DIA x 5/16"" L (Avdel MS17987-403)",1
1005,[HDWR-HYDR-FABK5X-V1-COMN-02] Bottom Cap,,2
1006,CR-FHMS 0.112-40x0.3125x0.3125-N,,16
1007,[NECK-COMN-00] Bottom Ball Mounting Plate,,2
1008,[HDWR-FSTR-ROD] Fully Threaded Stud #8-32 x 3 ̸ 4,"Fully Threaded Stud #8-32 x 3/4"" L (MCMC 90575A245)",2
1009,[HDWR-MISC] White Delrin Acetal Resin Ball,"White Delrin Acetal Resin Ball 1/2"" DIA (MCMC 9614K59)",4
1010,[HDWR-HYDR-SLAVEFIT-COMN-01-V1] Swivel Tee Fitting (SFT-10),,4
1011,[HDWR-HYDR-SLAVEFIT-COMN-02-V1] Swivel Tee Fitting Banjo Bolt (SFT-10),,4
1012,[HDWR-HYDR-SLAVEFIT-COMN-00] 1 ̸ 16 Barb Fitting (1016  ̸  Clippard 11752-5),,6
1013,[HDWR-HYDR-SLAVEFIT-UPR-COMN-00] Legris Fitting (3118-54-20),,2
1014,[HDWR-HYDR-SLAVEFIT-UPR-COMN-01] Legris Fitting Banjo Bolt (3118-54-20),,2
1015,[HDWR-HYDR-SLAVEFIT-UPR-COMN-02] Legris Fitting O-Ring (3118-54-20),,2
1016,[HDWR-HYDR-SLAVEFIT-COMN-04] Air Purge Tube (URH1-0402-BKS-050),5/32 OD Polyurethane Tubing,2
1017,[NECK-COVR-01] Front Covering,,1
1018,[NECK-COVR-02] Rear Covering,,1
1019,[HDWR-MISC] Rubber Bellows 3 ̸ 4'' ID (HEAD),,1
1020,[HEAD-A-A-00] Center Section,,1
1021,[HEAD-A-A-01-L] Rear Left,,1
1022,[HEAD-A-A-01-R] Rear Right,,1
1023,[HEAD-A-A-02-L] Front Left,,1
1024,[HEAD-A-A-02-R] Front Right,,1
1025,[HEAD-A-A-03] Mounting Block,,2
1026,[HEAD-A-A-04] Vent Plate,,1
1027,[HEAD-A-A-05] Faceplate Bottom,,1
1028,[HEAD-A-A-06-L] Face Block Bottom Left,,1
1029,[HEAD-A-A-06-R] Face Block Bottom Right,,1
1030,[HEAD-I-00] Sliding Plate,,1
1031,[HEAD-A-E-00] Detail Plate L1 & R1,,2
1032,[HEAD-A-E-01] Detail Plate L2 & R2,,2
1033,[HEAD-A-E-02] Detail Plate L3,,1
1034,[HEAD-A-E-03] Detail Plate L4,,1
1035,[HEAD-A-E-04] Detail Plate L5,,1
1036,[HEAD-A-E-05] Detail Plate L6,,1
1037,[HEAD-A-E-06] Detail Plate R3,,1
1038,[HEAD-A-E-07] Detail Plate R4,,1
1039,[HEAD-A-E-08] Detail Plate R5,,1
1040,[HEAD-A-E-09] Detail Plate R6,,1
1041,[HEAD-A-E-10] Detail Plate R7,,1
1042,MSHXNUT 0.073-64-D-N,,14
1043,HX-SHCS 0.073-64x0.188x0.188-N,,49
1044,HX-SHCS 0.073-64x0.3125x0.3125-N,,14
1045,HX-SHCS 0.086-56x0.4375x0.4375-N,,2
1046,HX-SHCS 0.112-40x0.625x0.625-N,,4
1047,HX-SHCS 0.086-56x0.5x0.5-N,,13
1048,HX-SHCS 0.086-56x0.375x0.375-N,,67
1049,MSSQNUT 0.190-24-N,,4
1050,[HEAD-A-B-00] Pocket Block,,1
1051,[HEAD-A-B-01-L] Curve Left,,1
1052,[HEAD-A-B-01-R] Curve Right,,1
1053,[HEAD-A-B-02] Whip Antenna Top,,1
1054,[HEAD-A-B-03-V1] Microphone Block (Combined),,1
1055,[HEAD-A-B-04] MFRC Block,,1
1056,[HEAD-A-B-05-L] Rear Vent Left,,1
1057,[HEAD-A-B-05-R] Rear Vent Right,,1
1058,[HEAD-A-B-06] Stepdown Block,,1
1059,[HEAD-A-B-07] Slope Block,,1
1060,[HEAD-A-B-08] Slope Panels,,1
1061,[HEAD-A-B-09-L] Faceplate Top Left,,1
1062,[HEAD-A-B-09-R] Faceplate Top Right,,1
1063,[HEAD-A-B-10-L] Face Block Top Left,,1
1064,[HEAD-A-B-10-R] Face Block Top Right,,1
1065,[HEAD-A-B-11-L] Face Block Middle Left,,1
1066,[HEAD-A-B-11-R] Face Block Middle Right,,1
1067,[HEAD-A-B-12] Nose Bridge,,1
1068,[HEAD-A-D-00-R] Seam Strip - Curve Right,,1
1069,[HEAD-A-D-00-L] Seam Strip - Curve Left,,1
1070,[HEAD-A-D-01-L] Seam Strip - Rear Vent Left,,1
1071,[HEAD-A-D-01-R] Seam Strip - Rear Vent Right,,1
1072,[HEAD-A-E-11] Detail Plate CRV,,1
1073,[HEAD-A-E-12] Detail Plate W1,,1
1074,HX-SHCS 0.086-56x0.125x0.125-N,,6
1075,HX-SHCS 0.086-56x0.25x0.25-N,,10
1076,SSCUPSKT 0.112-40x0.25-HX-N,,1
1077,[DTL-RH50] Vishay Dale RH-50 Resistor,,1
1078,[DTL-UNKN] Unknown Component,,1
1079,[DTL-DIPUNKN] Unknown Chopped DIP,,1
1080,[DTL-APP] Anderson Powerpole Connector (PP15),,9
1081,[DTL-CARRY8] 8-Pin Carrier,,1
1082,[DTL-HTSNK] Heat Sink,,1
1083,[DTL-PLAYBKS] Playback Head - Small,,3
1084,[DTL-BRNS3292X] Bourns Trimpot Potentiometer (3292X),,2
1085,[DTL-PCKT1] Pocket Long Detail,,1
1086,[DTL-OPTO] Honeywell Reflective Sensor (HOA0149),,2
1087,[DTL-PCKT2] Pocket Square Detail,,1
1088,[HEAD-A-C-00] Frame,,1
1089,[HEAD-A-C-01-L] Side Covering (Left),,1
1090,[HEAD-A-C-01-R] Side Covering (Right),,1
1091,[HEAD-COVR-00-FF] Rear Covering (Form-Fitting),,1
1092,[HEAD-C-LEFT-COMN-00-L] Eye Tube (Left),,1
1093,[HEAD-C-COMN-A-00] Frame,,1
1094,ASME B18.8.2 - .03125x.3125,,10
1095,[HEAD-C-COMN-A-01] Pivot Pin,"Rotary Shaft 12L14 Carbon Steel, 1/16"" Diameter, 18"" Long",5
1096,SL-FHMS 0.06-80x0.125x0.125-N,,32
1097,[HEAD-C-COMN-A-04] Vent Fin with Mount,All vent fins (1-5) for both left and right side,1
1098,[HEAD-C-COMN-A-04] Vent Fin with Mount,All vent fins (1-5) for both left and right side,1
1099,[HEAD-C-COMN-A-04] Vent Fin with Mount,All vent fins (1-5) for both left and right side,1
1100,[HEAD-C-COMN-A-04] Vent Fin with Mount,All vent fins (1-5) for both left and right side,1
1101,[HEAD-C-COMN-A-04] Vent Fin with Mount,All vent fins (1-5) for both left and right side,1
1102,[HEAD-C-COMN-A-02] Pivot Strut,,2
1103,[ELEC-SRVO-HS40] Hitec HS-40,Hitec HS-40 Economy Nano Servo,4
1104,[ELEC-SRVO-HORN] Hitec 2-Way Inline Arm (HS-40) MOD,2-Way Inline Arm for Hitech HS-40 Servo,2
1105,CR-BHMS 0.06-80x0.188x0.188-N,,2
1106,[HEAD-C-COMN-A-05] Holding Pin,"K&S 5005 Music Wire, 0.025"" OD x 12"" Long, 4 Pieces",1
1107,[HEAD-C-RGHT-COMN-00-R] Eye Tube (Right),,1
1108,[HEAD-C-COMN-A-00] Frame,,1
1109,[HEAD-C-COMN-A-04] Vent Fin with Mount,All vent fins (1-5) for both left and right side,1
1110,[HEAD-C-COMN-A-04] Vent Fin with Mount,All vent fins (1-5) for both left and right side,1
1111,[HEAD-C-COMN-A-04] Vent Fin with Mount,All vent fins (1-5) for both left and right side,1
1112,[HEAD-C-COMN-A-04] Vent Fin with Mount,All vent fins (1-5) for both left and right side,1
1113,[HEAD-C-COMN-A-04] Vent Fin with Mount,All vent fins (1-5) for both left and right side,1
1114,[HEAD-C-COMN-A-05] Holding Pin,"K&S 5005 Music Wire, 0.025"" OD x 12"" Long, 4 Pieces",1
1115,[ELEC-SRVO-HS85BB] Hitec HS-85BB,,3
1116,[ELEC-SRVO-HORN] Hitec Shaft Coupler (525134),,2
1117,[HDWR-FSTR-STND] Unthreaded Spacer #4 Screw Size x 1 ̸ 4 x 7 ̸ 16,"Unthreaded Spacer #4 Screw Size x 1/4"" OD x  7/16"" L (MCMC 90309A621)",2
1118,[HEAD-D-LWR-COMN-00-L] Lower Eye Flap Arm (Left),,1
1119,[HEAD-D-LWR-COMN-01-L] Lower Eye Flap (Left),,1
1120,CR-PHMS 0.112-40x0.75x0.75-N,,2
1121,[HEAD-D-LWR-COMN-00-R] Lower Eye Flap Arm (Right),,1
1122,[HEAD-D-LWR-COMN-01-R] Lower Eye Flap (Right),,1
1123,[HEAD-D-LWR-A-COMN-00] Retaining Bracket,,2
1124,SSCUPSKT 0.086-56x0.125-HX-N,,4
1125,[HEAD-E-V2-B-00] Main Section,,1
1126,[HEAD-E-V2-B-01-L] Side Panel (Left),,1
1127,[HEAD-E-V2-B-01-R] Side Panel (Right),,1
1128,SL-FHMS 0.073-64x0.25x0.25-N,,8
1129,ASME B18.8.2 - 0.25x0.25,,1
1130,[ELEC-SRVO-HS5645MG] Hitec HS-5645MG,,1
1131,CR-PHMS 0.06-80x1.25x1.25-N,,4
1132,[ELEC-SRVO-HORN] Round Horn (HMSH-02),,1
1133,SBHCSCREW 0.112-40x0.3125-HX-N,,16
1134,[ELEC-SRVO-HORN] Hitec Standard Spline Single Arm (55701),,3
1135,[HEAD-E-V2-B-04] Servo Arm Extension,,1
1136,[HEAD-E-V2-C-MSTR-00] Basket Master,,1
1137,[HEAD-E-V2-C-COMN-00] Bottom Plate,,1
1138,[HEAD-E-V2-C-COMN-01] Middle Block,,1
1139,[HEAD-E-V2-C-COMN-02] Top Plate,,1
1140,[HEAD-E-V2-C-COMN-03] Rear Plate,,1
1141,DPM 0.0938x0.375,,2
1142,SBHCSCREW 0.086-56x0.25-HX-N,,9
1143,[ELEC-SRVO-HS85BB] Hitec HS-85BB,,4
1144,SSCUPSKT 0.086-64x0.09375-HX-N,,4
1145,[HEAD-E-V2-B-03] Spacer,,2
1146,[HEAD-E-V2-B-02] Pin,,1
1147,[HEAD-D-UPR-COMN-01-L] Upper Eye Flap (Left),,1
1148,[HEAD-D-UPR-COMN-00] Servo Bracket,,2
1149,[HEAD-D-UPR-A-COMN-00] Rod,"5/32"" OD x 12"" Long",2
1150,[HEAD-D-UPR-A-COMN-01] Servo Collar,,2
1151,[HEAD-D-UPR-A-COMN-01] Servo Collar,,2
1152,SSCUPSKT 0.138-32x0.125-HX-N,,4
1153,HX-SHCS 0.112-40x0.3125x0.3125-N,,4
1154,CR-PHMS 0.073-72x1x1-N,,4
1155,[HEAD-D-UPR-COMN-01-R] Upper Eye Flap (Right),,1
1156,[HEAD-F-A-00] Tube,,1
1157,[HEAD-F-A-01] Front Cap,,1
1158,[HEAD-F-A-02] Mesh,,1
1159,[ELEC-MISC] Electret Condenser Microphone,,1
1160,[HEAD-F-A-03] Rear Cap,,1
1161,[HEAD-F-A-04] Wire Passthrough,,1
1162,[HEAD-F-A-05] Spacer,,2
1163,[HEAD-F-B-01] Hinge,,2
1164,[HEAD-F-B-02] Arm,,1
1165,[HEAD-F-B-02] Arm,,1
1166,[HDWR-FSTR-PIN] Captive Pin 1.5mm x 4mm,Captive Pin 1.5mm DIA x 4mm L (MCMC 95648A260),2
1167,[HEAD-F-B-03] Arm Spacer,,1
1168,[ELEC-SRVO-HS85MG] Hitec HS-85MG,,6
1169,[ELEC-SRVO-HORN] Hitec Shaft Coupler (525134),,1
1170,JIS B 1111 Binding head screw M2.3 x 5 --5N,,4
1171,DPM 0.0625x0.5,,1
1172,Selected Narrow FW 0.125,,16
1173,[HEAD-G-B-00] Elevator Guide,,1
1174,[ELEC-SRVO-HS85BB] Hitec HS-85BB,,1
1175,[HEAD-G-B-01] Primary Arm,,1
1176,[HEAD-G-B-02] Servo Carriage,,1
1177,DPM 0.125x0.375,,2
1178,DPM 0.0625x0.25,,6
1179,[HEAD-G-A-00] Outer Tube,,1
1180,[HEAD-G-A-01] Inner Tube,,1
1181,[HEAD-G-A-02] Wideband Dish,,1
1182,[HEAD-G-A-03] Shortband Dish,,1
1183,[HEAD-G-A-04] Feedhorn,,1
1184,[HEAD-G-A-05] Top Hat,,1
1185,[HEAD-G-A-06] Upper Tube,,1
1186,SL-RHMS 0.06-80x0.125x0.125-N,,1
1187,[HEAD-H-C-00] Elevator Guide,,1
1188,[HEAD-H-C-01] Guide Rod,,1
1189,[HEAD-H-C-02] Servo Spacer,,1
1190,[HEAD-H-C-03] Servo Arm Extension,,1
1191,[HEAD-H-C-04] Servo Carriage,,1
1192,[ELEC-SRVO-HS85MG] Hitec HS-85MG,,1
1193,[ELEC-SRVO-HORN] Hitec Shaft Coupler (525134),,1
1194,[HEAD-H-B-00-LWR] Linkage (Lower),,1
1195,[HEAD-H-B-00-UPR] Linkage (Upper),,1
1196,[HDWR-FSTR-ROD] Fully Threaded Stud #4-40 x 1 ̸ 2,"Fully Threaded Stud #4-40 x 1/2"" L (MCMC 90575A141)",1
1197,[HEAD-H-A-00] Skirt,,1
1198,ASME B18.8.2 - 0.0627x0.25,,1
1199,[HDWR-FSTR-PIN] Precision Perforator Pin 0.030 x 2-1 ̸ 2,"Precision Perforator Pin 0.030"" DIA x 2-1/2"" L (MCMC 98378A101)",1
1200,[HDWR-SPNG] Precision Compression Spring 1 ̸ 4 x .12 x 0.016,"Precision Compression Spring 1/4"" L x .12"" OD x .016"" Wire DIA (MCMC 9435K11)",1
1201,[HDWR-FSTR-SCRW] Set Screw Cup Point #10-32 x 1 ̸ 8,"Cup Point Set Screw #10-32 x 1/8"" L (MCMC 91375A436)",1
1202,[HEAD-COVR-MIL1-COMN-01] Facemask,,1
1203,[HEAD-COVR-MIL1-COMN-02] Mouthguard,,1
1204,SBHCSCREW 0.086-56x0.3125-HX-N,,9
1205,MSHXNUT 0.086-56-D-N,,2
1206,SBHCSCREW 0.073-72x0.375-HX-N,,4
1207,[HEAD-J-A-00] Mount Plate,,1
1208,[HDWR-MISC-OPENXRAIL] 6 inch Rail (565106),"6.00"" Open X-Rail",2
1209,[HDWR-MISC-OPENXRAIL] 350mm 6mm Lead Screw (3501-0606-0350),350mm 6mm Lead Screw Lead Pitch 1.33mm Number of Starts 6,2
1210,7804K111,"Ball Bearing Shielded, Trade No. 106-2Z, for 6 mm I.D.Shaft",4
1211,[HDWR-MISC-OPENXRAIL] 6mm Lead Screw Nut (545308),6mm Lead Screw Nut for Open X-Rail,2
1212,[HDWR-FSTR-STND] Unthreaded Spacer 6mm x 8mm x 1mm Acetal (1500-0010-0006),"1500 Series Plastic Spacer (6mm ID x 8mm OD, 1mm Thick)",8
1213,[HEAD-J-B-00] End Cap,,4
1214,[HDWR-FSTR-CLIP-UK] E-Style Retaining Ring 4 x 9.3 x 0.7,Side-Mount External Retaining Rings,4
1215,[HDWR-PULL] Timing 6mm Bore 20-Tooth (GT2),Houkr GT2 Pulley 20 Teeth,2
1216,[HDWR-MISC-OPENXRAIL] Screw Plate (585718),X-Rail Screw Plate (2 pack),8
1217,B18.3.6M - M4 x 0.7 x 4 Hex Socket Flat Pt. SS --N,,8
1218,[ELEC-SWCH] SPDT Miniature Limit Switch (605628),SPDT Miniature Limit Switch (2 pack),4
1219,[HDWR-MISC-OPENXRAIL] Limit Switch Mount (D-605627),Limit Switch Mount D (2 Pack),4
1220,[HEAD-J-C-01] Arm,,2
1221,[HDWR-MISC-OPENXRAIL] Surface Adaptor Bracket (585072),X-Rail Surface Adaptor Bracket (2 pack),4
1222,[HDWR-BELT-HEAD] Timing Belt 6mm x 103-Tooth (Gates GT 2MR103),Timing Belt GT2 2MM,2
1223,HX-SHCS 0.138-32x0.25x0.25-N,,8
1224,CR-PHMS 0.073-72x0.375x0.375-N,,8
1225,HX-SHCS 0.138-32x0.4375x0.4375-N,,2
1226,[ELEC-CPU-TICT249] Pololu Stepper Motor Controller TIC-T249 (No Headers),Tic T249 USB Multi-Interface Stepper Motor Controller (Connectors Soldered),2
1227,Body^[ELEC-CONN] Right Angle Header,,2
1228,Pin^[ELEC-CONN] Right Angle Header,,2
1229,[HEAD-J-A-01] Stepper Motor Mount,,1
1230,[ELEC-MOTR-14HS201504S] Front Motor Cap,,2
1231,[ELEC-MOTR-14HS201504S] Motor Core,,2
1232,[ELEC-MOTR-14HS201504S] Rear Motor Cap,,2
1233,[ELEC-MOTR-14HS201504S] Output Shaft,,2
1234,[HDWR-MISC] Nylon Spacer 1 ̸ 8 OD,"Unthreaded Spacer1/8"" OD, 1/8"" Long, for Number 2 Screw",4
1235,[HDWR-PULL] Timing 6mm Bore 20-Tooth (GT2),Houkr GT2 Pulley 20 Teeth,2
1236,B18.22M - Plain washer,"3 mm, narrow,",8
1237,B18.3.4M - 3 x 0.5 x 10 SBHCS --N,,8
1238,SBHCSCREW 0.164-32x0.75-HX-N,,4
1239,[HEAD-B-D-COMN-01] Frame,,1
1240,[HEAD-B-D-COMN-02] Mid Plate,,1
1241,[HEAD-B-D-COMN-03] Vertical Slide Plate,,2
1242,[HEAD-B-D-COMN-04] Horizontal Rack 32P,,2
1243,[HEAD-B-D-COMN-05] Vertical Rack 32P,,2
1244,[HEAD-B-D-COMN-06] Horizontal Slide Rod,,4
1245,[HDWR-SHFT] K&S Precision Metals Brass Rod (8127),"1/8"" O.D. Brass Rod with 0.097"" I.D.",4
1246,[HEAD-B-B-02] Gimbal Bar,,4
1247,[HDWR-GEAR] ServoCity 20-Tooth 32P Spline Servo Mount Gear (615282),,4
1248,[HDWR-MISC] White Delrin Acetal Resin Ball 0375 inch,"White Delrin Acetal Resin Ball 1/2"" DIA (MCMC 9614K59)",4
1249,[HEAD-J-B-01] Actuator Bar,,2
1250,Regular FW 0.086,,8
1251,B18.6.7M - M2.5 x 0.45 x 3 Type I Cross Recessed PHMS --3N,,4
1252,ASME B18.8.2 - 0.0627x0.75,,4
1253,Preferred Narrow FW 0.094,,4
1254,HX-SHCS 0.112-40x2.25x1-N,,2
1255,[HEAD-B-B-00] Gimbal Ring,,2
1256,[HEAD-B-A-A-00] Barrel,,2
1257,[HEAD-B-A-B-00] Front Lens,,2
1258,[HEAD-B-A-B-01] Filter Ring,,2
1259,[HEAD-B-A-D-00] Diaphragm Ring,,2
1260,[HEAD-B-A-D-01A] Diaphragm Leaf,,40
1261,[HEAD-B-A-D-02] Retaining Ring,,2
1262,[HEAD-B-A-E-05] Fillister Head Screw #0-80,,2
1263,[HEAD-B-B-01] Gimbal Spacer,,4
1264,[HEAD-B-C-COMN-01] NeoPixel Retaining Ring,,2
1265,[ELEC-SRVO-HORN] Hitec 4-Way Cross Arm (HS-40),4-Way Cross Arm for Hitec HS-40 Servo,2
1266,[HEAD-B-C-COMN-00] Iris Rotation Cup,,2
1267,[ELEC-BULB-NEORING16] NeoPixel Ring 16,,4
1268,[HEAD-B-C-COMN-02] Rear Cap,,2
1269,[HEAD-B-C-COMN-03] White Diffuser (With Hole),,2
1270,[HEAD-B-C-COMN-04] White Diffuser (Without Hole),,2
1271,[HEAD-B-C-COMN-05] Black Diffuser Window Tint Film,,2
1272,[HDWR-MISC] White Delrin Acetal Resin Ball 025 inch,"White Delrin Acetal Resin Ball 1/2"" DIA (MCMC 9614K59)",2
1273,[HEAD-B-C-COMN-06] Iris Ring Pin,,2
1274,MSHXNUT 0.086-56-S-N,,2
1275,SCHCSCREW 0.086-56x0.125x0.125-HX-N,,4
1276,[HEAD-B-D-COMN-01] Frame,,1
1277,[HEAD-B-D-COMN-02] Mid Plate,,1
1278,94773A751,18-8 Stainless Steel Shims,12
1279,91124A111,1074-1095 Spring Steel Shims,4
1280,90482A534,1074-1095 Spring Steel Ring Shim,8
1281,92510A617,Aluminum Unthreaded Spacer,8
1282,[TDRV-COMN-G-B-COMN-02] Idler Lockdown Plate,,2
1283,[HDWR-FSTR-ROD] Drop-In T-Slot Stud 5 ̸ 16-18 x 1,"5/16-18 x 1.000"" Drop-In T-Slot Stud",2
1284,[HDWR-FSTR-NUT] NYHXNUT 5 ̸ 16-18-D,"Nylock Hex Nut 5/16""-18 (MCMC 97135A220)",2
1285,[TLWR-COVR-B-COMN-03] Console Right Detail,,2
1286,[TLWR-COVR-B-COMN-04] Console Left Detail,,2
1287,HX-SHCS 0.112-40x1.125x0.875-N,,8
1288,92510A028,Aluminum Unthreaded Spacer,8
1289,[TLWR-COVR-B-COMN-00] Console Case,,2
1290,[TLWR-B-A-V2-COMN-01] Electronics Enclosure,,2
1291,[TLWR-B-A-V2-COMN-00] Faceplate,,2
1292,[HDWR-SHFT] Shaft 1 ̸ 8 x 7,0.125” (1/8”) x 7.00” Stainless Steel Precision Shafting,2
1293,[TLWR-B-A-V2-COMN-04] Waveshare 5.5 Inch Display (23112),"Raspberry Pi 5.5inch 2K Capacitive Touch LCD Display, HDMI Interface, IPS Screen",2
1294,[TLWR-B-A-V2-COMN-02] Ring,,2
1295,[ELEC-SWCH] Low Profile Cherry MX Red,,2
1296,[TLWR-B-A-V2-COMN-03] Button,,2
1297,[HDWR-GEAR] Spur gear 32DP 10T 20PA .43FW (KPL32-32-10),"10T, 0.125"" (1/8) Bore 32P Shaft Mount Pinion Gear (Steel)",4
1298,[ELEC-SWCH-NKKJWS21RCA-COMN-00] Body (2AC),,2
1299,[ELEC-SWCH-NKKJWS21RCA-COMN-02] Electrical Contacts (2AAt),,2
1300,[ELEC-SWCH-NKKJWS21RCA-COMN-01] Toggle Switch (C2A),,2
1301,[ELEC-BULB-LED5] Kingbright White LED,,4
1302,[TLWR-B-A-COMN-05] Status Plate,,2
1303,B18.3.6M - M3 x 0.5 x 2 Hex Socket Flat Pt. SS --N,,4
1304,B18.6.7M - M2.5 x 0.45 x 20 Type I Cross Recessed FHMS --20N,,8
1305,Inch - Spur gear 32DP 30T 20PA .184FW ---S30N3.0H2.0L0.125N,,2
1306,[TLWR-B-B-03] Console Gear Arm,,2
1307,[TLWR-B-B-02] Secondary Arm,,2
1308,[TLWR-B-B-02] Secondary Arm,,2
1309,[TLWR-COVR-B-COMN-02] Top Console Mechanism Mount,,2
1310,[TLWR-COVR-C-MSTR-00] Console Door Master,,2
1311,[TLWR-COVR-B-COMN-01] Bottom Console Mechanism Mount,,2
1312,[ELEC-MISC] Servo Power Distribution Board (8 Channel) (3108-2827-0801),Servo Power Distribution Board (8 Channel),2
1313,[ELEC-CPU-RASP5] Raspberry Pi 5,,2
1314,[TLWR-COMN-03] Raspberry Mount,,2
1315,HX-SHCS 0.112-40x0.5625x0.5625-N,,4
1316,SBHCSCREW 0.086-56x0.5-HX-N,,22
1317,97259A101,Low-Strength Steel Thin Square Nut,2
1318,B18.3.5M - 3 x 0.5 x 8 Socket FCHS  -- 8N,,2
1319,socket countersunk head cap screw_ai,,8
1320,[ELEC-SRVO-HORN] 8mm REX Servo Shaft,"8mm REX™ Servo Shaft (25 Tooth Spline, 36mm Length)",2
1321,[TLWR-B-B-04] Console Door Servo Coupler,,2
1322,socket countersunk head screw_am,,2
1323,HX-SHCS 0.112-40x0.875x0.875-N,,5
1324,92510A024,Aluminum Unthreaded Spacer,2
1325,8875T911,"Mount Plate for 1/4""-20 Thread Size",12
1326,MSHXNUT 0.112-40-S-N,,4
1327,socket head cap screw_ai,,4
1328,[TLWR-COVR-D-05] Cradle Base Curve,,2
1329,[TLWR-COVR-A-COMN-00] Top Section,,2
1330,91780A198,Female Threaded Hex Standoff,8
1331,Selected Narrow FW 0.203,,8
1332,socket button head cap screw_ai,,8
1333,SBHCSCREW 0.25-20x1.125-HX-N,,8
1334,98704A320,Plastic-Head Thumb Screw with Hex Drive,8
1335,socket button head cap screw_ai,,8
1336,Selected Narrow FW 0.156,,4
1337,hex bolt_ai,,8
1338,hex screw_ai,,4
1339,Internal Tooth LW Type A-0.375,,1
1340,SBHCSCREW 0.25-28x0.875-HX-N,,3
1341,[ARM-A-V2-COMN-08] Key Plate,,18
1342,[TUPR-B-A-V2-COMN-05] Servo Shim,,2
1343,[NECK-F-COMN-02] Countersunk End Cap,,1
1344,[ARM-A-V2-COMN-07] Keyed Servo Shaft Extension,,2
1345,7811K143,Multipurpose 932 Bearing Bronze Sleeve Bearing,2
1346,CR-FHMS 0.112-40x0.375x0.375-N,,2
1347,[ARM-E-B-A-A-COMN-01] Knuckle Wire Guide,,4
1348,[HDWR-FSTR-ROD] Fully Threaded Stud #2-56 x 1,Low-Strength Threaded Rods,4
1349,Cable^[ARM-E-B-A-R] Finger (Right),,4
1350,[ARM-C-COMN-05] Cable Sheathing Spool,,1
1351,[HDWR-SHFT] 8mm REX Shaft with E-Clip 54mm,"8mm REX™ Shaft with E-Clip (Stainless Steel, 54mm Length)",1
1352,B18.3.4M - 4 x 0.7 x 6 SBHCS --N,,2
1353,[HDWR-FSTR-GLU] Double Sided Acrylic Tape 15mm x 0.2mm,"3mm x 25M Clear Thin Double Sided Strong Adhesive Acrylic Tape (1/8""x82ft) for Mobile Phone Laptop Tablets LCD Screen",2
1354,[NECK-A-COMN-06] Spring Bushing Standoff Sleeve,,1
1355,[NECK-A-COMN-07] Spring Bushing Spacer Sleeve,,1
1356,HX-SHCS 0.25-20x2.25x1.25-N,,1
1357,socket head cap screw_ai,,1
1358,92510A769,Aluminum Unthreaded Spacer,1
1359,[NECK-B-V2-COMN-03] Adjustment Plate Top,,1
1360,[HDWR-FSTR-MAG] Neodymium Disc Magnet 9mm x 3mm,,4
1361,[NECK-C-UPR-COMN-03] Ball Retaining Ring,,4
1362,[NECK-E-COMN-07] Side & Rear Slide Plate,,1
1363,SBHCSCREW 0.164-32x0.3125-HX-N,,2
1364,[NECK-E-COMN-06] U-Joint Compression Plate,,1
1365,91090A108,Zinc-Plated Steel Oversized Washer,1
1366,hex screw_ai,,1
1367,[ARM-A-V2-RGHT-OUTR-COMN-01] Servo Shroud,,1
1368,[ARM-A-COVR-00-R] Shoulder Covering (Right),,1
1369,[ARM-B-COMN-04] Core,,1
1370,[ARM-B-A-COMN-01] Pull Plate,,1
1371,[ARM-B-A-COMN-01] Pull Plate,,1
1372,[ARM-B-COVR-01-R-INNR] Upper Arm Covering (Right,"Inner),",1
1373,[ARM-B-COVR-01-R-OUTR] Upper Arm Covering (Right,"Outer),",1
1374,Belt1-1^[ARM-B-RGHT] Upper Arm (Right),,1
